"","dorm","gender","race","gap_year","international","pre-orientation","sports","first_meet","second_meet","third_meet","fourth-meet","know_street","know_by_name","know_annenberg","satisfied","extra","respondent_id","first_id","second_id","third_id","fourth_id","most_id"
"1","Hollis Hall","Female","Black or African American","No","No","FCU - Fall Clean-Up with Dorm Crew","No","Pre-Orientation, Social Media","Classes, Pre-Orientation, Social Events, Social Media, Cultural/Racial Organization","Pre-Orientation, Social Events, Social Media","Mutual Friends, Cultural/Racial Organization","50-100","50-100","20-50","Very Satisfied",NA,1223,69,37,1036,587,69
"2","Grays Hall","Female","Asian / Pacific Islander","No","No","None","Yes (Intermural)","Classes, Creative/Performing Arts Organization, Cultural/Racial Organization","Classes, Datamatch","Mutual Friends","Classes","100-250","50-100","0-20","Satisfied",NA,760,794,319,35,34,1575
"3","Thayer Hall","Female","Asian / Pacific Islander","No","No","FCU - Fall Clean-Up with Dorm Crew","Yes (Intermural)","Dorm, Pre-Orientation","Pre-Orientation, Social Events, Mutual Friends, Cultural/Racial Organization, Visitas","Classes, Mutual Friends","Classes, Pre-Orientation, Social Events, Mutual Friends","500-1000","250-500","100-250","Very Satisfied",NA,273,289,1570,1030,303,1575
"4","Stoughton Hall","Male","White, Asian / Pacific Islander","Yes","Yes","None","Yes (Varsity)","Athletics","Athletics","Athletics","Dorm","50-100","0-50","0-20","Satisfied",NA,1558,441,441,1441,981,1358
"5","Wigglesworth Hall","Female","White, Hispanic or Latino","Yes","No","None","Yes (Club)","Dorm","Dorm","Dorm","Dorm","100-250","50-100","0-20","Satisfied",NA,626,105,798,27,647,636
"6","Weld Hall","Female","White, Asian / Pacific Islander","No","No","None","No","Dorm","Dorm","Social Events, Mutual Friends","Dorm","250-500","100-250","0-20","Satisfied",NA,1596,1099,1408,1503,308,1512
"7","Matthews Hall","Male","White","No","No","FCU - Fall Clean-Up with Dorm Crew","No","Government/Politics Organization","Social Events, Government/Politics Organization","Government/Politics Organization","Government/Politics Organization","250-500","50-100","20-50","Dissatisfied",NA,175,99,1575,1229,905,1575
"8","Greenough Hall","Male","Asian / Pacific Islander","No","No","FOP - First-Year Outdoor Program","No","Dorm, Before College","Before College","Mutual Friends","Mutual Friends, Before College","500-1000","250-500","100-250","Satisfied",NA,710,1285,1087,872,1102,1575
"9","Canaday Hall","Female","Black or African American","No","No","FYRE - First-Year Retreat and Experience","No","Classes, Pre-Orientation","Classes, Social Events, Mutual Friends, Cultural/Racial Organization","Classes, Mutual Friends, Cultural/Racial Organization","Dorm","100-250","50-100","0-20","Satisfied",NA,1459,1472,38,276,750,18
"10","Stoughton Hall","Female","Black or African American","Yes","Yes","None","Yes (Varsity)","Athletics","Athletics","Athletics","Athletics","100-250","0-50","0-20","Very Satisfied",NA,1126,494,1471,1235,312,1321
"11","Canaday Hall","Female","Asian / Pacific Islander","No","No","FOP - First-Year Outdoor Program","Yes (Varsity)","Athletics","Pre-Orientation","Athletics","Annenberg","100-250","50-100","50-100","Satisfied",NA,278,1012,1557,511,1231,1575
"12","Weld Hall","Female","Black or African American","No","No","FCU - Fall Clean-Up with Dorm Crew","No","Visitas","Visitas","Cultural/Racial Organization","Visitas","50-100","50-100","20-50","Satisfied",NA,696,539,384,184,1158,303
"13","Matthews Hall","Female","White","No","No","FOP - First-Year Outdoor Program","Yes (Club)","Visitas","Athletics","Athletics","Pre-Orientation","250-500","100-250","20-50","Satisfied",NA,765,1557,1109,692,34,1348
"14","Greenough Hall","Female","White","No","No","None","Yes (Varsity)","Mutual Friends","Athletics","Dorm","Social Events","100-250","50-100","20-50","Satisfied",NA,1383,1629,620,1012,1531,1011
"15","Weld Hall","Female","Asian / Pacific Islander","No","No","FOP - First-Year Outdoor Program","No","Dorm","Mutual Friends","Classes","Harvard Club of Philadelphia event","100-250","50-100","20-50","Neutral",NA,926,1212,1187,134,519,1236
"16","Greenough Hall","Female","White","No","No","FOP - First-Year Outdoor Program","Yes (Varsity)","Classes, Athletics","Athletics","Athletics","Dorm","100-250","50-100","20-50","Satisfied",NA,494,1126,1235,1471,575,78
"17","Grays Hall","Male","White","No","No","FOP - First-Year Outdoor Program","No","Mutual Friends, Board games","Classes, Mutual Friends, Board games","Mutual Friends, Board games","Mutual Friends, Board games","500-1000","100-250","20-50","Satisfied",NA,36,1646,168,1098,433,1011
"18","Thayer Hall","Female","Arabic or Middle Eastern","No","No","None","No","High school","Classes, Pre-Orientation, Social Media, Neighboring cities","Athletics","Dorm","100-250","100-250","20-50","Satisfied",NA,1354,47,782,955,1104,1078
"19","Pennypacker Hall","Male","White","No","No","FOP - First-Year Outdoor Program","No","Dorm","Classes","Mutual Friends","Dorm","100-250","50-100","0-20","Satisfied",NA,862,380,426,1283,1312,977
"20","Canaday Hall","Male","Asian / Pacific Islander","No","No","FOP - First-Year Outdoor Program","Yes (Club)","Classes, Pre-Orientation, Social Events, Mutual Friends, Social Media","Classes, Pre-Orientation, Social Events, Mutual Friends","Classes, Pre-Orientation, Social Events, Mutual Friends, Social Media, Academic/Pre-Professional Organization","Pre-Orientation, Social Events, Mutual Friends, Social Media","250-500","100-250","50-100","Satisfied",NA,1626,875,275,1406,1570,1570
"21","Apley Court","Male","White, Hispanic or Latino","No","No","FOP - First-Year Outdoor Program","Yes (Club)","Classes, Mutual Friends, Athletics","Mutual Friends, Athletics","Pre-Orientation, Mutual Friends","Mutual Friends","100-250","50-100","250-500","Very Satisfied",NA,1110,886,974,1523,1069,1011
"22","Apley Court","Male","White, Asian / Pacific Islander","No","No","FCU - Fall Clean-Up with Dorm Crew","No","Dorm","Classes, Dorm","Mutual Friends","Dorm","500-1000","100-250","50-100","Neutral",NA,757,182,731,1507,671,1570
"23","Thayer Hall","Female","Arabic or Middle Eastern","No","No","FYRE - First-Year Retreat and Experience","No","Visitas","Visitas","Visitas","Visitas","100-250","50-100","50-100","Satisfied",NA,1027,1097,1282,3,420,99
"24","Lionel Hall","Male","White, Asian / Pacific Islander","No","No","FCU - Fall Clean-Up with Dorm Crew","No","High school","Mutual Friends","Dorm","Dorm","250-500","100-250","20-50","Neutral",NA,280,55,335,830,1430,1041
"25","Canaday Hall","Female","White","No","No","None","No","Dorm","Dorm","Pre-Orientation, Social Events","Dorm","50-100","0-50","0-20","Satisfied",NA,471,53,533,1573,1536,1575
"26","Canaday Hall","Female","Black or African American","No","No","FYRE - First-Year Retreat and Experience","No","Pre-Orientation","Classes, Mutual Friends","Over the summer for a program","Social Media, In high school Speech and Debate","250-500","100-250","50-100","Satisfied",NA,303,244,273,1180,1575,1575
"27","Weld Hall","Male","White","No","No","None","Yes (Varsity)","Athletics","Athletics","Athletics","Athletics","50-100","0-50","500-1000","Dissatisfied",NA,672,591,204,98,478,974
"28","Thayer Hall","Male","Asian / Pacific Islander","No","No","FOP - First-Year Outdoor Program","Yes (Club)","Classes","Pre-Orientation","Mutual Friends","Dorm","100-250","100-250","500-1000","Neutral",NA,263,1150,563,540,1021,540
"29","Grays Hall","Male","White","No","Yes","FOP - First-Year Outdoor Program","No","Social Media","Lamont Library","Classes","Dorm","250-500","100-250","50-100","Dissatisfied",NA,722,285,147,315,727,1575
"30","Thayer Hall","Male","White, Arabic or Middle Eastern","No","No","FYRE - First-Year Retreat and Experience, FCU - Fall Clean-Up with Dorm Crew","No","Mutual Friends, High school","Classes, Dorm, Pre-Orientation, Mutual Friends, Social Media, Academic/Pre-Professional Organization","Classes, Dorm, Pre-Orientation, Mutual Friends","Classes, Dorm, Pre-Orientation, Social Events, Mutual Friends","100-250","0-50","20-50","Very Satisfied",NA,965,1097,709,3,1027,624
"31","Wigglesworth Hall","Male","Asian / Pacific Islander","No","No","FOP - First-Year Outdoor Program","No","Dorm","Classes, Mutual Friends","Dorm, Cultural/Racial Organization","Dorm, Social Events, Mutual Friends, Creative/Performing Arts Organization, Cultural/Racial Organization","50-100","100-250","20-50","Neutral",NA,925,595,872,791,508,903
"32","Canaday Hall","Male","White","No","No","FCU - Fall Clean-Up with Dorm Crew","Yes (Intermural)","Social Events, Athletics","Dorm, Roommate!","Dorm, Roommate","Social Media","250-500","50-100","20-50","Satisfied",NA,614,959,747,514,1573,1575
"33","Wigglesworth Hall","Female","Asian / Pacific Islander","No","No","FCU - Fall Clean-Up with Dorm Crew","No","Dorm","Classes, Social Events","Social Events, Mutual Friends, Social Media","Social Events, Mutual Friends","100-250","100-250","0-20","Neutral",NA,754,1388,287,681,854,99
"34","Wigglesworth Hall","Female","Asian / Pacific Islander","No","No","FCU - Fall Clean-Up with Dorm Crew","No","Dorm","Classes, Social Events","Social Events, Mutual Friends, Social Media","Social Events, Mutual Friends","100-250","100-250","0-20","Neutral",NA,755,1388,287,681,854,99
"35","Holworthy Hall","Female","White","No","No","FOP - First-Year Outdoor Program","Yes (Club)","Dorm","Dorm","Dorm","Pre-Orientation","250-500","0-50","20-50","Satisfied",NA,1216,327,1111,553,1134,1134
"36","Greenough Hall","Female","White","No","No","FUP - First-Year Urban Program","No","Classes","Classes, Pre-Orientation","Pre-Orientation","Classes, Mutual Friends","50-100","50-100","0-20","Neutral",NA,1319,27,1565,948,1133,1611
"37","Massachusetts Hall","Female","Hispanic or Latino","No","No","None","Yes (Varsity)","Academic/Pre-Professional Organization","Classes, Mutual Friends","Athletics","Classes, Dorm","50-100","0-50","20-50","Neutral",NA,334,860,268,478,1638,1575
"38","Canaday Hall","Female","Asian / Pacific Islander","No","No","FCU - Fall Clean-Up with Dorm Crew","Yes (Club)","Pre-Orientation","Mutual Friends","Social Media","Classes","1000+","500-1000","250-500","Very Satisfied",NA,1633,1570,1570,1570,1570,1570
"39","Canaday Hall","Male","White","No","No","None","No","Classes","Mutual Friends","Government/Politics Organization","Mutual Friends","250-500","100-250","20-50","Satisfied",NA,915,557,506,912,991,1363
"40","Greenough Hall","Female","White","No","No","FOP - First-Year Outdoor Program","No","Dorm, Pre-Orientation","Dorm, Pre-Orientation, Mutual Friends","Dorm, Mutual Friends","Dorm, Pre-Orientation, Mutual Friends","0-50","50-100","0-20","Dissatisfied",NA,1537,130,563,954,540,114
"41","Wigglesworth Hall","Male","Hispanic or Latino","No","No","None","No","Dorm, Pre-Orientation","Classes, Pre-Orientation, Mutual Friends","Mutual Friends","Classes, Dorm","0-50","0-50","250-500","Neutral",NA,564,997,1047,753,247,1575
"42","Wigglesworth Hall","Male","Asian / Pacific Islander","No","No","FYRE - First-Year Retreat and Experience","No","Religious Organization","Religious Organization","Orientation","Dorm","100-250","50-100","20-50","Very Satisfied",NA,630,756,878,1401,766,1570
"43","Mower Hall","Female","White, Black or African American, Asian / Pacific Islander","No","No","None","Yes (Varsity)","Classes, Social Events, Mutual Friends","Social Events, Athletics","Social Events, Athletics","Social Events, Mutual Friends","100-250","50-100","20-50","Very Satisfied",NA,1321,309,581,484,461,21
"44","Pennypacker Hall","Female","Arabic or Middle Eastern","No","No","FOP - First-Year Outdoor Program","Yes (Club)","Dorm","Dorm","Pre-Orientation","Cultural/Racial Organization","100-250","50-100","50-100","Satisfied",NA,31,419,32,622,3,99
"45","Wigglesworth Hall","Female","Asian / Pacific Islander","No","No","FOP - First-Year Outdoor Program","No","Dorm","Dorm","Dorm","Dorm","50-100","0-50","50-100","Satisfied",NA,618,832,151,1579,902,1575
"46","Mower Hall","Female","Asian / Pacific Islander","No","No","FOP - First-Year Outdoor Program","No","Mutual Friends","Planned a conference together","Mutual Friends","Mutual Friends","250-500","100-250","20-50","Satisfied",NA,1461,1475,791,247,797,903
"47","Wigglesworth Hall","Male","White","No","No","FUP - First-Year Urban Program","No","Pre-Orientation","Pre-Orientation","Pre-Orientation","Classes","100-250","50-100","50-100","Satisfied",NA,1611,1010,1603,105,1083,1363
"48","Canaday Hall","Male","White, Black or African American","No","No","FCU - Fall Clean-Up with Dorm Crew","No","Pre-Orientation","Scholarship","Mutual Friends","Pre-Orientation","100-250","50-100","20-50","Neutral",NA,467,873,1343,898,1570,1570
"49","Straus Hall","Male","White, Hispanic or Latino","No","No","None","No","Classes","Dorm","Dorm","Dorm","100-250","100-250","20-50","Satisfied",NA,359,1438,1440,81,255,1512
"50","Weld Hall","Female","White","No","No","None","Yes (Varsity)","Mutual Friends","Athletics","Athletics","Dorm","100-250","100-250","20-50","Satisfied",NA,478,512,204,1287,202,1575
"51","Weld Hall","Female","White, Hispanic or Latino","No","No","FOP - First-Year Outdoor Program","No","Pre-Orientation","Dorm","Pre-Orientation","Pre-Orientation","50-100","0-50","0-20","Neutral",NA,737,498,1408,559,957,97
"52","Wigglesworth Hall","Male","White","No","No","FOP - First-Year Outdoor Program","Yes (Club)","Public Service Organization","Annenberg","Pre-Orientation","Social Events","100-250","50-100","0-20","Dissatisfied",NA,1405,81,343,148,1341,1134
"53","Weld Hall","Female","White","No","No","None","Yes (Varsity)","Dorm","Athletics","Athletics","Athletics","250-500","100-250","20-50","Satisfied",NA,202,478,490,1588,598,1575
"54","Greenough Hall","Male","Black or African American","No","No","FOP - First-Year Outdoor Program","No","Classes, Social Events, Mutual Friends","Classes, Social Events, Mutual Friends","Classes, Pre-Orientation, Social Media, Religious Organization","Classes, Social Events, Mutual Friends","500-1000","100-250","50-100","Satisfied",NA,991,912,506,557,915,775
"55","Matthews Hall","Female","Hispanic or Latino","No","No","FCU - Fall Clean-Up with Dorm Crew","No","Pre-Orientation","Pre-Orientation","Cultural/Racial Organization","Social Events","100-250","50-100","0-20","Satisfied",NA,607,1290,970,241,259,1575
"56","Canaday Hall","Female","White","No","No","None","Yes (Varsity)","Athletics","Athletics","Mutual Friends","Mutual Friends","50-100","50-100","0-20","Satisfied",NA,404,1020,677,123,1533,236
"57","Straus Hall","Male","White, Hispanic or Latino","No","No","FOP - First-Year Outdoor Program","Yes (Club)","Dorm","Dorm","Dorm","Mutual Friends","0-50","50-100","0-20","Dissatisfied",NA,255,81,1440,359,660,1584
"58","Grays Hall","Male","Asian / Pacific Islander","No","No","FCU - Fall Clean-Up with Dorm Crew","Yes (Intermural)","Classes, Dorm, Pre-Orientation, Social Events, Mutual Friends, Social Media, Athletics, Academic/Pre-Professional Organization, Creative/Performing Arts Organization, Cultural/Racial Organization, Religious Organization, Public Service Organization, Government/Politics Organization","Mutual Friends","Mutual Friends","Classes","500-1000","50-100","0-20","Satisfied",NA,485,485,1275,1617,1601,1617
"59","Canaday Hall","Female","White","No","No","None","No","Dorm","Classes","Creative/Performing Arts Organization","Creative/Performing Arts Organization","50-100","0-50","0-20","Very Satisfied",NA,1137,424,13,1245,350,1575
"60","Weld Hall","Female","Asian / Pacific Islander","No","No","FOP - First-Year Outdoor Program","No","Classes, Mutual Friends, Academic/Pre-Professional Organization, visitas","Classes, Dorm","Classes, Mutual Friends","Dorm, Academic/Pre-Professional Organization, Cultural/Racial Organization","0-50","0-50","0-20","Dissatisfied",NA,849,1221,37,259,1080,1512
"61","Thayer Hall","Male","Asian / Pacific Islander","No","No","FOP - First-Year Outdoor Program","No","Dorm","Dorm","Classes","Pre-Orientation","100-250","250-500","50-100","Dissatisfied",NA,295,243,1435,1615,1173,1575
"62","Straus Hall","Female","White","No","No","FCU - Fall Clean-Up with Dorm Crew","No","Creative/Performing Arts Organization, WHRB Harvard Radio Broadcasting","Dorm","Dorm","Classes","250-500","100-250","0-20","Neutral",NA,1431,435,1589,908,807,1363
"63","Wigglesworth Hall","Male","White","Yes","No","FOP - First-Year Outdoor Program","Yes (Varsity)","Dorm","Dorm","Classes","Dorm","100-250","50-100","20-50","Very Satisfied",NA,1257,415,432,1261,482,1363
"64","Greenough Hall","Male","White","No","No","None","No","Dorm","Dorm","Dorm","Dorm","250-500","50-100","0-20","Dissatisfied",NA,130,954,1537,227,563,1575
"65","Straus Hall","Female","White","No","No","FOP - First-Year Outdoor Program","Yes (Club)","Pre-Orientation","Dorm","Dorm","Dorm","500-1000","250-500","50-100","Very Satisfied",NA,1630,1047,753,1345,255,1575
"66","Wigglesworth Hall","Male","White","No","No","None","No","Visitas","Visitas","Social Events","Social Events","50-100","0-50","0-20","Satisfied",NA,1646,168,36,480,887,1387
"67","Massachusetts Hall","Female","Asian / Pacific Islander","No","No","FCU - Fall Clean-Up with Dorm Crew","No","Dorm, Pre-Orientation, Mutual Friends","Classes, Pre-Orientation, Social Events, Mutual Friends, Cultural/Racial Organization, Knew before Harvard","Pre-Orientation, Mutual Friends","Classes, Mutual Friends","250-500","100-250","0-20","Neutral",NA,689,1089,1519,289,493,1570
"68","Hollis Hall","Female","Asian / Pacific Islander","No","No","None","Yes (Intermural)","Dorm","High School","Dorm","Dorm","100-250","50-100","0-20","Satisfied",NA,246,1651,220,1534,1387,1011
"69","Grays Hall","Male","White","No","No","None","Yes (Varsity)","Dorm","Social Events","Home","Social Events","100-250","100-250","100-250","Very Satisfied",NA,780,178,42,744,958,1588
"70","Wigglesworth Hall","Female","White","No","No","FOP - First-Year Outdoor Program","Yes (Club)","Dorm","Classes, Athletics","Athletics","Classes, Pre-Orientation","50-100","0-50","0-20","Neutral",NA,724,458,1573,466,1094,1011
"71","Matthews Hall","Female","White, Asian / Pacific Islander","No","No","None","No","Mutual Friends","Social Events","Mutual Friends","Social Events","250-500","100-250","0-20","Satisfied",NA,168,480,36,1098,887,1011
"72","Lionel Hall","Male","White","No","No","None","Yes (Varsity)","Athletics","Athletics","Athletics","Athletics","50-100","0-50","0-20","Very Dissatisfied",NA,520,1396,107,149,1209,75
"73","Thayer Hall","Male","Asian / Pacific Islander","No","No","FOP - First-Year Outdoor Program","Yes (Intermural)","Classes, Social Events, Mutual Friends, Religious Organization","Classes, Social Events, Mutual Friends, Religious Organization","Classes, Social Events, Mutual Friends, Religious Organization","Classes, Social Events, Mutual Friends, Religious Organization","100-250","50-100","500-1000","Satisfied",NA,630,630,878,1150,1401,756
"74","Wigglesworth Hall","Female","White","Yes","Yes","None","Yes (Varsity)","Athletics","Dorm","Athletics","Athletics","0-50","0-50","0-20","Satisfied",NA,860,334,268,478,1287,478
"75","Canaday Hall","Female","Asian / Pacific Islander","No","No","FOP - First-Year Outdoor Program","No","Pre-Orientation","Academic/Pre-Professional Organization","Pre-Orientation","Mutual Friends","0-50","50-100","20-50","Dissatisfied",NA,916,868,246,510,508,510
"76","Canaday Hall","Female","White","No","No","None","No","Classes, Social Events, Mutual Friends","Classes, Mutual Friends","Classes, Social Events","Pre-Orientation, Social Events, Mutual Friends","50-100","50-100","20-50","Very Satisfied",NA,1532,845,394,42,297,875
"77","Weld Hall","Female","Asian / Pacific Islander","No","No","FOP - First-Year Outdoor Program","No","Dorm","Creative/Performing Arts Organization, Hometown","Social Events, Mutual Friends","Classes, Mutual Friends, Creative/Performing Arts Organization","250-500","100-250","50-100","Satisfied",NA,1642,1622,553,921,285,1011
"78","Wigglesworth Hall","Male","White, Hispanic or Latino","No","No","FYRE - First-Year Retreat and Experience","No","Dorm","Mutual Friends, We are both from the same place.","Mutual Friends, We are both from the same place.","Pre-Orientation, Mutual Friends","50-100","0-50","20-50","Satisfied",NA,1046,1539,1254,1493,871,1487
"79","Hollis Hall","Female","Asian / Pacific Islander","No","No","FOP - First-Year Outdoor Program","No","Visit weekend","Dorm","Pre-Orientation","Classes","250-500","100-250","250-500","Satisfied",NA,639,1579,879,1102,892,639
"80","Hurlbut Hall","Female","White","No","No","None","Yes (Varsity)","Athletics","Athletics","Athletics","Athletics","0-50","50-100","20-50","Very Satisfied",NA,1162,643,1536,1012,511,813
"81","Pennypacker Hall","Female","White","No","Yes","FIP - First-Year International Program","Yes (Club)","Pre-Orientation","Pre-Orientation","Pre-Orientation","Mutual Friends","100-250","50-100","20-50","Satisfied",NA,86,751,751,1495,727,96
"82","Wigglesworth Hall","Male","White","No","No","None","Yes (Varsity)","Athletics","Athletics","Athletics","Athletics","50-100","50-100","0-20","Satisfied",NA,1378,978,1386,1195,1191,1397
"83","Holworthy Hall","Male","White","No","Yes","FIP - First-Year International Program","Yes (Varsity)","Dorm","Dorm","Athletics","Dorm","50-100","50-100","100-250","Satisfied",NA,1610,1353,659,634,1481,634
"84","Holworthy Hall","Male","White, Hispanic or Latino","No","No","FCU - Fall Clean-Up with Dorm Crew","Yes (Intermural)","Pre-Orientation","Classes, Mutual Friends","Pre-Orientation","Mutual Friends","100-250","0-50","500-1000","Very Satisfied",NA,690,1548,762,783,1119,1134
"85","Hurlbut Hall","Female","Asian / Pacific Islander","No","No","FOP - First-Year Outdoor Program","No","Dorm","Pre-Orientation, Mutual Friends","Pre-Orientation, Mutual Friends","Dorm","250-500","100-250","20-50","Satisfied",NA,1604,1132,814,431,1032,582
"86","Canaday Hall","Male","White","No","No","FCU - Fall Clean-Up with Dorm Crew","No","Mutual Friends","Social Media","Mutual Friends","Mutual Friends","50-100","0-50","0-20","Dissatisfied",NA,609,838,357,1515,823,823
"87","Grays Hall","Female","White, Hispanic or Latino","No","No","FOP - First-Year Outdoor Program","No","Model UN","Dorm, Pre-Orientation","Model UN","Dorm","0-50","0-50","0-20","Neutral",NA,549,1077,174,1229,714,1229
"88","Canaday Hall","Female","White","No","No","FOP - First-Year Outdoor Program","No","Went to high school together","Pre-Orientation","Dorm","Mutual Friends","250-500","100-250","50-100","Very Satisfied",NA,1543,451,1552,1382,1524,688
"89","Thayer Hall","Female","White, Black or African American","No","No","FCU - Fall Clean-Up with Dorm Crew","Yes (Intermural)","Pre-Orientation","Creative/Performing Arts Organization","Pre-Orientation","Mutual Friends","250-500","100-250","0-20","Dissatisfied",NA,1538,1343,350,1570,273,1575
"90","Pennypacker Hall","Female","Asian / Pacific Islander","No","No","FAP - First-Year Arts Program","No","Pre-Orientation","Pre-Orientation","Dorm","Classes","50-100","50-100","20-50","Satisfied",NA,1643,400,821,602,1207,1575
"91","Weld Hall","Male","White","No","No","FUP - First-Year Urban Program","No","Pre-Orientation","Mutual Friends","Dorm","Mutual Friends","100-250","100-250","20-50","Satisfied",NA,838,136,1365,587,1362,1363
"92","Hollis Hall","Male","Hispanic or Latino","No","No","FYRE - First-Year Retreat and Experience","No","Visitas","Visitas","Dorm","Mutual Friends","0-50","0-50","0-20","Neutral",NA,1124,113,1044,1134,1568,1134
"93","Canaday Hall","Female","White, Hispanic or Latino, Asian / Pacific Islander","No","No","FAP - First-Year Arts Program","No","Pre-Orientation","Pre-Orientation","Pre-Orientation","Social Media","50-100","100-250","50-100","Satisfied",NA,708,257,1251,1292,702,1575
"94","Apley Court","Female","White, Hispanic or Latino","No","No","FUP - First-Year Urban Program","No","Dorm, Social Events, Mutual Friends, Social Media, Harvard Ed Portal Mentor","Dorm, Social Events, Mutual Friends, Social Media, WHRB","Pre-Orientation, Social Events, Mutual Friends, Social Media, Cultural/Racial Organization, Home","Dorm, Social Events, Mutual Friends","50-100","100-250","20-50","Very Satisfied",NA,936,1269,1653,1037,195,1363
"95","Matthews Hall","Male","Black or African American","No","No","FOP - First-Year Outdoor Program","No","Scholarship","Classes, Social Events, Mutual Friends, Social Media, Creative/Performing Arts Organization","Classes, Dorm","Mutual Friends","250-500","100-250","20-50","Satisfied",NA,1469,428,1180,663,662,1078
"96","Weld Hall","Male","White, Asian / Pacific Islander","No","No","FOP - First-Year Outdoor Program","Yes (Club)","Dorm","Dorm","Dorm","Religious Organization","50-100","0-50","0-20","Neutral",NA,495,236,749,1545,550,236
"97","Matthews Hall","Male","White, Hispanic or Latino","No","Yes","FIP - First-Year International Program","Yes (Club)","Social Events","We met at a Harvard Club of Spain event in Madrid","Pre-Orientation","Pre-Orientation","500-1000","250-500","100-250","Very Satisfied",NA,534,355,594,322,412,1512
"98","Matthews Hall","Female","Black or African American","No","No","None","No","Classes, Social Events, Religious Organization","Social Events","Classes, Religious Organization","Religious Organization","50-100","50-100","20-50","Satisfied",NA,910,423,303,346,1371,303
"99","Apley Court","Female","White","No","No","FOP - First-Year Outdoor Program","No","Pre-Orientation","Dorm","Pre-Orientation","Dorm","100-250","100-250","20-50","Very Satisfied",NA,1269,369,936,233,1653,1575
"100","Canaday Hall","Male","White","No","No","FUP - First-Year Urban Program","No","Pre-Orientation","Creative/Performing Arts Organization","Visitas","Pre-Orientation","250-500","50-100","20-50","Dissatisfied","Very cliquey (black group, athletes, etc)",1488,154,1062,731,884,1011
"101","Canaday Hall","Female","White","No","No","FCU - Fall Clean-Up with Dorm Crew","Yes (Club)","Classes, Dorm, Pre-Orientation","Dorm, Social Events, Religious Organization","Classes, Social Events, Mutual Friends","Classes, Pre-Orientation, Social Events, Mutual Friends","0-50","50-100","0-20","Neutral",NA,329,543,443,1503,1425,1575
"102","Wigglesworth Hall","Female","Asian / Pacific Islander","No","No","FAP - First-Year Arts Program","Yes (Club)","Roommate","Roommate","Classes, Mutual Friends","Roommate","100-250","100-250","250-500","Satisfied",NA,832,618,151,1204,1579,1575
"103","Thayer Hall","Female","Black or African American","No","No","FCU - Fall Clean-Up with Dorm Crew","No","Classes, Mutual Friends","Pre-Orientation, Social Media, VISITAS","Pre-Orientation, Social Media, VISITAS","Pre-Orientation, VISITAS","50-100","50-100","0-20","Satisfied",NA,69,185,1223,37,1036,1078
"104","Canaday Hall","Male","Black or African American","No","No","FCU - Fall Clean-Up with Dorm Crew","Yes (Club)","Dorm","Pre-Orientation","Dorm","Dorm","500-1000","250-500","20-50","Satisfied",NA,347,636,783,468,333,636
"105","Holworthy Hall","Male","Asian / Pacific Islander","No","No","FOP - First-Year Outdoor Program","Yes (Varsity)","Pre-Orientation","Dorm","Classes","Pre-Orientation, Mutual Friends","250-500","50-100","20-50","Dissatisfied",NA,968,1508,681,1517,854,1512
"106","Holworthy Hall","Male","Asian / Pacific Islander","No","No","FOP - First-Year Outdoor Program","Yes (Varsity)","Pre-Orientation","Dorm","Classes","Pre-Orientation, Mutual Friends","250-500","50-100","20-50","Dissatisfied",NA,968,1509,681,1517,854,1512
"107","Grays Hall","Male","Asian / Pacific Islander","No","Yes","FIP - First-Year International Program","Yes (Club)","Classes, Pre-Orientation","Classes","Pre-Orientation","Dorm","100-250","50-100","0-20","Satisfied",NA,1207,1023,1643,143,1219,175
"108","Canaday Hall","Male","White","No","No","FCU - Fall Clean-Up with Dorm Crew","No","Dorm","Classes, Dorm","Classes","Classes","100-250","50-100","250-500","Very Satisfied",NA,1412,1147,141,1159,1011,1011
"109","Wigglesworth Hall","Female","Asian / Pacific Islander","No","Yes","FOP - First-Year Outdoor Program","Yes (Club)","Classes, Social Events, Mutual Friends","Social Events, Creative/Performing Arts Organization","Dorm","Classes, Social Events, Mutual Friends","100-250","50-100","20-50","Satisfied",NA,791,1461,867,990,1569,1011
"110","Pennypacker Hall","Male","White","Yes","Yes","None","Yes (Varsity)","Mutual Friends","Athletics","Athletics","Athletics","50-100","0-50","0-20","Satisfied",NA,1490,101,403,1458,1410,1410
"111","Holworthy Hall","Female","White","No","No","FOP - First-Year Outdoor Program","Yes (Varsity)","Pre-Orientation","Athletics","Dorm","Mutual Friends","100-250","50-100","20-50","Satisfied",NA,123,201,1352,677,404,1309
"112","Grays Hall","Female","Asian / Pacific Islander","No","No","FOP - First-Year Outdoor Program","Yes (Club)","Visitas","Mutual Friends","Mutual Friends","Mutual Friends","100-250","100-250","20-50","Satisfied",NA,1640,1570,85,873,875,1575
"113","Grays Hall","Male","White","No","No","FOP - First-Year Outdoor Program","Yes (Club)","Classes, Social Events, Mutual Friends, Social Media, Academic/Pre-Professional Organization","Mutual Friends, Academic/Pre-Professional Organization","Classes, Social Events, Academic/Pre-Professional Organization","Classes, Social Events, Mutual Friends, Academic/Pre-Professional Organization","250-500","100-250","20-50","Satisfied",NA,138,1312,167,1395,132,355
"114","Canaday Hall","Male","Asian / Pacific Islander","No","No","FCU - Fall Clean-Up with Dorm Crew","No","Previous summer camp","Classes, Social Events, Mutual Friends, Academic/Pre-Professional Organization","Classes, Previous summer camp","Pre-Orientation, Mutual Friends","250-500","100-250","20-50","Very Satisfied",NA,562,1344,872,1444,446,710
"115","Weld Hall","Female","White","No","Yes","None","Yes (Intermural)","Athletics, We played ice hockey for 3 years together","Social Events","Dorm","Dorm","50-100","0-50","20-50","Neutral",NA,1005,625,485,1598,1189,145
"116","Thayer Hall","Female","Black or African American","Yes","No","None","No","Dorm","Dorm","Dorm","Dorm","0-50","0-50","20-50","Neutral","It can be pretty cliquey, but overall I feel like Harvard’s social environment is inclusive.",700,1176,933,80,189,1348
"117","Canaday Hall","Male","White","Yes","No","None","Yes (Varsity)","Classes, Dorm, Social Events, Mutual Friends, Social Media, Athletics","Classes, Dorm, Social Events, Mutual Friends, Social Media, Athletics","Classes, Dorm, Social Events, Mutual Friends, Social Media, Athletics","Classes, Dorm, Social Events, Mutual Friends, Social Media, Athletics","100-250","50-100","0-20","Very Satisfied",NA,10,1358,515,1441,441,515
"118","Weld Hall","Female","White","No","No","FOP - First-Year Outdoor Program","No","Dorm","Pre-Orientation","Social Events, Mutual Friends","Academic/Pre-Professional Organization","100-250","50-100","20-50","Satisfied",NA,1370,762,512,1278,524,806
"119","Grays Hall","Female","Asian / Pacific Islander","No","No","FOP - First-Year Outdoor Program","No","Dorm","Religious Organization","Mutual Friends","Religious Organization","100-250","100-250","20-50","Dissatisfied",NA,1586,1439,752,794,852,1575
"120","Pennypacker Hall","Female","White","No","No","FOP - First-Year Outdoor Program","No","Dorm","Dorm","Religious Organization","Dorm","500-1000","250-500","50-100","Very Satisfied",NA,390,1401,75,57,969,1399
"121","Greenough Hall","Female","White, Asian / Pacific Islander","No","No","FCU - Fall Clean-Up with Dorm Crew","No","High School","Classes, Dorm","Pre-Orientation","Dorm","250-500","100-250","20-50","Satisfied","I’ve found that people I’ve met through preorientation/the first year retreat are often the ones I actually end up spending time with. Also living in the union dorms I definitely spend more time with people who live near me. And being premed (potentially) means I’ve bonded with a lot of people over having to take those big intro classes. I didn’t think meeting people over orientation was a good way to actually make friends because we were all just meeting so many new people every day.",770,584,846,1187,1383,926
"122","Weld Hall","Male","Asian / Pacific Islander","Yes","No","FOP - First-Year Outdoor Program","No","Social Media","Mutual Friends","Academic/Pre-Professional Organization","Annenberg","100-250","50-100","20-50","Satisfied",NA,1618,1357,1568,1138,163,99
"123","Apley Court","Male","Black or African American, Asian / Pacific Islander","No","No","None","No","Social Events, Mutual Friends, Recreational Organization","Classes, Social Events, Mutual Friends, Recreational Organization","Social Events, Mutual Friends, Social Media, Recreational Organization","Classes, Social Events, Mutual Friends, Recreational Organization","500-1000","500-1000","50-100","Neutral","There's still apprehension for people to merge friend groups due to varying reasons like popularity or unease of hanging out with people that aren't like them.",1098,168,433,36,887,1575
"124","Canaday Hall","Male","White","No","No","FOP - First-Year Outdoor Program","No","Social Events","Dorm","Mutual Friends","Dorm","100-250","50-100","250-500","Very Satisfied",NA,1315,46,921,1379,1518,1379
"125","Pennypacker Hall","Male","Asian / Pacific Islander","No","No","None","No","Dorm","Dorm","Dorm","Dorm","100-250","50-100","0-20","Neutral",NA,741,1329,969,75,271,75
"126","Holworthy Hall","Female","White","No","No","FUP - First-Year Urban Program","No","Social Events","Classes, Social Events, Mutual Friends, Government/Politics Organization","Pre-Orientation","Social Media","250-500","250-500","20-50","Satisfied",NA,1395,580,167,1312,138,1575
"127","Weld Hall","Female","White","No","No","None","Yes (Varsity)","Athletics","Athletics","Athletics","Athletics","0-50","0-50","0-20","Very Satisfied","It helps to join social organizations. I haven't made many friends from classes alone.",1265,590,1193,21,43,1395
"128","Weld Hall","Female","White, Arabic or Middle Eastern","No","No","None","No","Mutual Friends","Mutual Friends, Visitas","Social Events, Mutual Friends, Visitas","Mutual Friends","50-100","0-50","20-50","Satisfied",NA,1044,1568,113,1124,1178,1575
"129","Thayer Hall","Female","White","No","No","FUP - First-Year Urban Program","No","Annenberg","Dorm","Pre-Orientation","Dorm","100-250","50-100","0-20","Very Satisfied",NA,933,251,1176,134,80,1083
"130","Canaday Hall","Female","White","No","No","None","No","Dorm","Classes","Dorm","Dorm","50-100","0-50","0-20","Dissatisfied","Everyone wants to network, not make friends.",589,18,700,1514,1232,1294
"131","Canaday Hall","Female","White","No","No","None","No","grew up with him","Mutual Friends","Mutual Friends","Mutual Friends","50-100","0-50","0-20","Satisfied",NA,144,610,966,985,573,610
"132","Thayer Hall","Female","White, Hispanic or Latino, Black or African American","No","No","FOP - First-Year Outdoor Program","No","Pre-Orientation","Mutual Friends","Dorm","Mutual Friends","100-250","50-100","50-100","Very Satisfied",NA,1047,1630,753,186,1345,1575
"133","Lionel Hall","Female","Asian / Pacific Islander","No","No","FOP - First-Year Outdoor Program","Yes (Club)","Classes","Classes, Dorm","Classes, Dorm","Mutual Friends","0-50","0-50","20-50","Satisfied",NA,876,120,220,280,754,1221
"134","Lionel Hall","Female","Asian / Pacific Islander","No","No","FOP - First-Year Outdoor Program","Yes (Club)","Classes","Classes, Dorm","Classes, Dorm","Mutual Friends","0-50","0-50","20-50","Satisfied",NA,876,120,220,280,755,1221
"135","Canaday Hall","Female","Asian / Pacific Islander","No","No","FUP - First-Year Urban Program","No","Summer program in high school + is now one of my roommates","Dorm","Dorm","Dorm","0-50","0-50","0-20","Very Satisfied","Most people are really concerned with having everyone like them and with ""networking,"" often leading in disingenuous or transactional relationships.",685,1602,171,1152,923,1575
"136","Weld Hall","Female","White","Yes","No","FOP - First-Year Outdoor Program","No","Mutual Friends","Dorm","Mutual Friends","Pre-Orientation","100-250","50-100","20-50","Very Satisfied",NA,414,1008,806,96,42,304
"137","Straus Hall","Male","Asian / Pacific Islander","No","No","FUP - First-Year Urban Program","No","Dorm","Pre-Orientation","Pre-Orientation","Academic/Pre-Professional Organization","100-250","50-100","0-20","Neutral",NA,552,1102,1013,872,1575,1444
"138","Greenough Hall","Female","White, Hispanic or Latino","No","No","None","No","Dorm","Dorm","Dorm","Dorm","50-100","50-100","0-20","Satisfied",NA,1432,1052,1537,453,1279,1564
"139","Matthews Hall","Male","Black or African American","Yes","Yes","FIP - First-Year International Program","No","Pre-Orientation","Dorm","Mutual Friends","Dorm","0-50","50-100","20-50","Satisfied",NA,491,178,438,50,374,1588
"140","Canaday Hall","Male","Asian / Pacific Islander","No","No","None","Yes (Intermural)","Mutual Friends","Mutual Friends","summer program","summer program","50-100","0-50","20-50","Very Satisfied",NA,875,1570,275,878,1626,1570
"141","Matthews Hall","Male","White","No","No","FOP - First-Year Outdoor Program","Yes (Intermural)","Dorm","Classes, Dorm","Classes, Other Organization","Classes, Other Organization","250-500","100-250","0-20","Satisfied","Most Harvard students are terrible and I’m not sorry to not know them.",828,1164,1010,1296,1125,1364
"142","Hurlbut Hall","Female","White","No","No","FOP - First-Year Outdoor Program","Yes (Varsity)","Pre-Orientation","Mutual Friends","Dorm","Athletics","250-500","100-250","50-100","Very Satisfied",NA,1008,806,414,773,194,42
"143","Weld Hall","Male","Asian / Pacific Islander","No","Yes","FIP - First-Year International Program","Yes (Intermural)","High School","Dorm","Dorm","Cultural/Racial Organization","250-500","100-250","20-50","Satisfied",NA,748,655,82,493,843,360
"144","Matthews Hall","Female","Asian / Pacific Islander","No","No","None","No","Dorm","Dorm","Social Events, Mutual Friends, Religious Organization","Classes, Social Events, Mutual Friends","0-50","0-50","0-20","Dissatisfied","I hope that all of us get to know each other more and step out of our comfort zone to actively interact with people we haven't met yet.",810,1076,1227,44,1104,44
"145","Canaday Hall","Female","White","Yes","No","FOP - First-Year Outdoor Program","No","Social Events","Mutual Friends","Pre-Orientation","Mutual Friends","100-250","50-100","20-50","Very Satisfied",NA,100,674,328,1429,652,153
"146","Grays Hall","Male","White","Yes","No","None","Yes (Intermural)","Classes, Dorm, Visitas","Dorm","Dorm","Dorm","0-50","0-50","0-20","Very Satisfied",NA,1496,1015,640,1272,1414,1399
"147","Canaday Hall","Female","White","No","No","FOP - First-Year Outdoor Program","Yes (Club)","Dorm","Athletics, Religious Organization","Dorm","Mutual Friends, Athletics","50-100","50-100","20-50","Very Satisfied",NA,1442,1233,1238,679,34,1575
"148","Weld Hall","Female","White","No","No","None","Yes (Varsity)","Mutual Friends","Mutual Friends","Cultural/Racial Organization","Classes","0-50","50-100","20-50","Neutral",NA,1436,473,154,1470,1582,1470
"149","Mower Hall","Male","Hispanic or Latino","No","No","None","Yes (Intermural)","Dorm","Pre-Orientation","Creative/Performing Arts Organization","Dorm","100-250","100-250","250-500","Neutral","It can be better",463,499,627,1049,489,489
"150","Canaday Hall","Male","White, Asian / Pacific Islander","No","No","FCU - Fall Clean-Up with Dorm Crew","Yes (Club)","Athletics","Dorm","Dorm","Dorm","100-250","50-100","20-50","Satisfied",NA,747,787,614,548,514,514
"151","Canaday Hall","Male","White","No","No","None","Yes (Varsity)","Athletics","Freshman year of high school athletics","Athletics","Athletics","50-100","0-50","0-20","Dissatisfied",NA,434,1241,1308,971,1355,411
"152","Wigglesworth Hall","Female","White","No","Yes","FIP - First-Year International Program","Yes (Varsity)","Athletics","Athletics","Athletics","Dorm","50-100","0-50","0-20","Satisfied",NA,647,1099,402,1113,626,768
"153","Weld Hall","Male","Asian / Pacific Islander","No","No","None","No","Dorm","Dorm","Dorm","Social Events","100-250","50-100","20-50","Satisfied","I truly think that forced mutual experiences are the best way to foster relationships; I feel that through one way or another, the average Harvard student could be friends with 60% of their class, but the opportunity to make those connections do not often arise or are easy to avoid.",1390,527,326,519,1325,1170
"154","Grays Hall","Female","Asian / Pacific Islander","No","No","FCU - Fall Clean-Up with Dorm Crew","No","Mutual Friends","Dorm","Dorm, Social Media","Visitas","500-1000","100-250","20-50","Very Satisfied",NA,1570,875,1103,85,1640,1575
"155","Wigglesworth Hall","Female","Asian / Pacific Islander","No","No","FUP - First-Year Urban Program","No","Dorm","Classes","Pre-Orientation","Mutual Friends","50-100","0-50","0-20","Neutral",NA,763,418,752,685,318,286
"156","Thayer Hall","Female","Asian / Pacific Islander","No","No","FCU - Fall Clean-Up with Dorm Crew","No","Mutual Friends","Visitas","Social Events","Classes","100-250","100-250","20-50","Satisfied","schemey",259,1635,619,970,37,1563
"157","Thayer Hall","Male","White","No","No","FAP - First-Year Arts Program","No","Classes","Dorm","Dorm","Dorm, Pre-Orientation","100-250","50-100","20-50","Neutral",NA,1006,735,1419,1226,400,400
"158","Canaday Hall","Male","Arabic or Middle Eastern","No","Yes","FOP - First-Year Outdoor Program","Yes (Club)","Academic/Pre-Professional Organization","Social Events, Mutual Friends","Mutual Friends","Classes, Dorm, Social Events","250-500","50-100","50-100","Very Satisfied",NA,4,742,51,386,1434,4
"159","Matthews Hall","Male","White, Hispanic or Latino","No","No","FOP - First-Year Outdoor Program","Yes (Varsity)","Athletics","Athletics","Athletics","Social Events","0-50","0-50","0-20","Dissatisfied",NA,1241,434,1273,971,411,153
"160","Pennypacker Hall","Female","White","No","No","FOP - First-Year Outdoor Program","No","Dorm","Mutual Friends","Dorm","Mutual Friends","0-50","0-50","20-50","Very Satisfied",NA,602,1643,821,966,1647,400
"161","Thayer Hall","Female","Hispanic or Latino","No","No","FUP - First-Year Urban Program","No","Pre-Orientation","Classes","Service Starts With Summer","Classes","0-50","0-50","0-20","Dissatisfied",NA,1013,552,1600,241,1134,1134
"162","Mower Hall","Female","White, Hispanic or Latino, Asian / Pacific Islander","No","No","FOP - First-Year Outdoor Program","No","Dorm","Dorm","Social Events","Dorm","250-500","250-500","50-100","Very Satisfied",NA,779,1607,499,855,489,1575
"163","Straus Hall","Male","White","No","No","FOP - First-Year Outdoor Program","No","Mutual Friends","Classes","Mutual Friends","Mutual Friends","250-500","100-250","100-250","Dissatisfied",NA,1102,639,1444,872,1637,1575
"164","Grays Hall","Female","White","No","No","None","No","Social Media, Cultural/Racial Organization","Classes","Mutual Friends, Cultural/Racial Organization","Dorm","0-50","0-50","0-20","Neutral","It can feel kinda cliquey",473,1436,1578,1470,1103,1570
"165","Apley Court","Male","Asian / Pacific Islander","No","No","FUP - First-Year Urban Program","No","Mutual Friends, Academic/Pre-Professional Organization","Classes, Mutual Friends","Classes, Mutual Friends","Classes, summer camp before college","100-250","100-250","20-50","Dissatisfied","too much isolation :(((( big sads",872,1102,1444,562,1344,1575
"166","Straus Hall","Female","White, Hispanic or Latino","No","No","None","Yes (Varsity)","Dorm","Classes, Mutual Friends","Dorm","Dorm","50-100","100-250","20-50","Satisfied",NA,1374,1581,411,207,43,1512
"167","Straus Hall","Male","Hispanic or Latino","No","No","None","No","Mutual Friends","Dorm","Dorm","Classes","50-100","50-100","0-20","Satisfied",NA,683,62,224,165,1492,165
"168","Greenough Hall","Male","Asian / Pacific Islander","No","No","None","Yes (Club)","Religious Organization","Religious Organization","Classes","Religious Organization","250-500","100-250","20-50","Satisfied",NA,277,630,756,1401,892,1401
"169","Hurlbut Hall","Female","Asian / Pacific Islander","No","No","None","No","Pre-Orientation","Classes","Social Events, Social Media","Pre-Orientation, Social Events, Social Media, Government/Politics Organization","50-100","50-100","20-50","Very Satisfied","I think it's fine except that everyone is so busy making it difficult to keep up with friends sometimes.",286,1401,1467,1086,99,1401
"170","Wigglesworth Hall","Female","Hispanic or Latino","No","No","None","No","Annenberg","Visitas","Classes","Classes","0-50","0-50","20-50","Neutral",NA,1253,238,936,1224,1219,241
"171","Grays Hall","Female","Asian / Pacific Islander","No","No","None","No","Pre-Orientation","Classes, Academic/Pre-Professional Organization","Visitas","Classes, Mutual Friends","0-50","50-100","0-20","Satisfied",NA,644,235,578,561,639,639
"172","Wigglesworth Hall","Female","White, Hispanic or Latino","No","No","FOP - First-Year Outdoor Program","No","Dorm","Dorm","Dorm","Classes","250-500","100-250","20-50","Satisfied","Once you make friends initially, it is hard to expand out of that circle.",1173,1493,1455,952,1078,1363
"173","Grays Hall","Female","Asian / Pacific Islander","No","No","FOP - First-Year Outdoor Program","No","Dorm","Same high school","Pre-Orientation","Dorm","100-250","50-100","0-20","Neutral",NA,1219,25,1159,882,1207,662
"174","Greenough Hall","Female","Asian / Pacific Islander","No","No","FCU - Fall Clean-Up with Dorm Crew","No","Pre-Orientation","Pre-Orientation","Classes, Mutual Friends","Classes, Public Service Organization","50-100","0-50","0-20","Satisfied",NA,260,1382,1212,40,1520,1575
"175","Wigglesworth Hall","Female","Hispanic or Latino","No","No","FYRE - First-Year Retreat and Experience, FCU - Fall Clean-Up with Dorm Crew","No","Dorm","Classes","Dorm","Dorm","50-100","50-100","0-20","Dissatisfied",NA,809,248,233,282,465,1575
"176","Thayer Hall","Female","Asian / Pacific Islander","No","No","None","No","Visitas","Cultural/Racial Organization, Religious Organization, Visitas","Dorm","Mutual Friends, Cultural/Racial Organization, Religious Organization","250-500","100-250","20-50","Satisfied","I believe Harvard builds community really well, especially for first-years. Having all first-years eat in one dining hall really builds up the freshman community. Our entryways and dorms also provide us with a community right when we arrive on campus. I'm grateful for how attentive Harvard is in helping first-years meet new people.",1092,902,266,1166,1150,1575
"177","Straus Hall","Female","White","No","No","None","No","Classes, Social Events, Mutual Friends","Classes, Social Events, Mutual Friends","Classes, Social Events, Mutual Friends","Social Events, Mutual Friends, Creative/Performing Arts Organization","250-500","100-250","50-100","Satisfied",NA,224,1362,1541,1237,1365,1134
"178","Thayer Hall","Male","Asian / Pacific Islander","No","No","FOP - First-Year Outdoor Program","No","Classes, Pre-Orientation, Social Events, Mutual Friends, Social Media, Academic/Pre-Professional Organization, Cultural/Racial Organization","Classes, Social Events, Mutual Friends, Social Media, Cultural/Racial Organization, Visitas","Classes, Social Events, Mutual Friends, Social Media, Cultural/Racial Organization, New each other before college","Classes, Dorm, Social Events, Social Media","100-250","50-100","0-20","Neutral","Its self-segregated",266,1421,1092,1637,462,1575
"179","Pennypacker Hall","Male","White, Asian / Pacific Islander","No","No","FCU - Fall Clean-Up with Dorm Crew","Yes (Intermural)","Classes, Dorm, Mutual Friends","Dorm","Dorm","Pre-Orientation","100-250","50-100","20-50","Satisfied",NA,969,741,75,271,890,1512
"180","Holworthy Hall","Female","White","No","No","FCU - Fall Clean-Up with Dorm Crew","No","Pre-Orientation","Pre-Orientation","Pre-Orientation","High school","250-500","100-250","20-50","Satisfied",NA,1425,1031,543,329,1189,1575
"181","Canaday Hall","Female","White, Hispanic or Latino","No","No","FOP - First-Year Outdoor Program","No","Social Events, Religious Organization","Classes","Classes","Classes","100-250","100-250","50-100","Very Satisfied",NA,443,1520,40,829,530,1575
"182","Canaday Hall","Male","White","No","No","FOP - First-Year Outdoor Program","Yes (Club)","Pre-Orientation","Mutual Friends","Pre-Orientation","Pre-Orientation","100-250","0-50","0-20","Satisfied","Your survey assumed I know 4 people well in the class….",1311,294,156,1523,974,1575
"183","Matthews Hall","Female","Black or African American","No","No","None","Yes (Varsity)","Mutual Friends, Harvard send-off reception back home","Dorm","Dorm","Visitas","0-50","50-100","500-1000","Very Satisfied","Love it!",384,937,57,851,696,1570
"184","Mower Hall","Female","White, Hispanic or Latino","No","No","FCU - Fall Clean-Up with Dorm Crew","No","Dorm","Dorm","Dorm","Creative/Performing Arts Organization","0-50","0-50","0-20","Neutral","Through my main social organization, Harvard University Band, I am closest too upperclassmen. Therefore I don't feel dissatisfied with my social connections because they're still people who I care deeply for and am very good friends with. They just happen to be non-first years.",352,365,1607,489,350,1197
"185","Pennypacker Hall","Female","Hispanic or Latino","No","No","None","No","Dorm","Visitas","Cultural/Racial Organization","Cultural/Racial Organization","100-250","50-100","20-50","Satisfied",NA,1361,406,1479,517,2,1575
"186","Hollis Hall","Female","Black or African American","Yes","Yes","FIP - First-Year International Program, FCU - Fall Clean-Up with Dorm Crew","Yes (Club)","Pre-Orientation","Cultural/Racial Organization","Cultural/Racial Organization","Pre-Orientation","50-100","0-50","20-50","Satisfied","Harvard-planned events meant to help freshmen socialize can feel too forced at times.",1280,1079,1445,1058,38,176
"187","Hollis Hall","Female","Black or African American","No","No","None","No","Social Media, Visitas","Mutual Friends","Mutual Friends, Visitas","Social Media","0-50","50-100","20-50","Dissatisfied",NA,164,1348,1213,1259,1197,1575
"188","Pennypacker Hall","Female","Asian / Pacific Islander","No","No","FUP - First-Year Urban Program","No","Dorm, Social Media, Creative/Performing Arts Organization","Dorm, Public Service Organization","Dorm, Mutual Friends","Classes, Mutual Friends","100-250","50-100","100-250","Satisfied","It can seem very clique-y at times or it can be hard to connect someone with outside of the context you know a person in.",1228,108,822,666,140,1575
"189","Matthews Hall","Male","White","No","No","None","Yes (Varsity)","High School","High School","High School","High School","100-250","50-100","20-50","Neutral",NA,584,770,160,902,318,742
"190","Canaday Hall","Female","Hispanic or Latino","Yes","Yes","None","No","Dorm","Visitas","Dorm","Visitas","50-100","0-50","20-50","Very Satisfied",NA,1267,205,1333,442,665,1333
"191","Pennypacker Hall","Male","Black or African American","No","No","FYRE - First-Year Retreat and Experience, FCU - Fall Clean-Up with Dorm Crew","Yes (Intermural)","Dorm, Pre-Orientation, Visitas","Pre-Orientation, Visitas","Cultural/Racial Organization, Visitas","Dorm, Social Events","250-500","100-250","500-1000","Satisfied","Segregated",1259,1348,1213,164,960,1487
"192","Canaday Hall","Female","Asian / Pacific Islander","No","No","FCU - Fall Clean-Up with Dorm Crew","No","Pre-Orientation, Mutual Friends","Creative/Performing Arts Organization","Dorm","Pre-Orientation","50-100","0-50","0-20","Very Satisfied","It is on the whole a wonderful environment, because everyone wants to know everyone and you meet so many incredible people.  That said, it can sometimes come across as being a tad competitive and disingenuous, but that varies depending on the type of person, of course.  Social clubs and such are generally incredibly toxic, from what I've seen and experienced, and it's rather discomforting to see students try to create even more exclusivity inside an already exclusive institution.  We should be working to move in the other direction, not to further/make true the negative stereotypes about this college.",783,1031,1032,543,690,695
"193","Thayer Hall","Female","Black or African American","No","No","FUP - First-Year Urban Program","No","Pre-Orientation","Pre-Orientation","Visitas","Pre-Orientation","50-100","0-50","0-20","Satisfied","Very cliquey at first but welcoming if you take the time",413,315,663,538,662,1115
"194","Holworthy Hall","Female","White","No","No","FOP - First-Year Outdoor Program","Yes (Varsity)","Athletics","Classes","Athletics","Mutual Friends","100-250","50-100","20-50","Satisfied","I wish there was a stronger school culture in regards to athletics. School spirit.",1309,768,1381,123,677,768
"195","Canaday Hall","Female","White","No","Yes","None","No","Dorm","Classes","Mutual Friends","Dorm","50-100","50-100","20-50","Neutral",NA,940,208,590,121,120,1575
"196","Wigglesworth Hall","Female","Asian / Pacific Islander","No","No","FUP - First-Year Urban Program","No","Pre-Orientation","Visitas","Mutual Friends","Classes, Visitas","100-250","50-100","20-50","Satisfied",NA,274,874,502,1082,1030,502
"197","Wigglesworth Hall","Genderqueer","White","No","No","FUP - First-Year Urban Program","No","Dorm","Mutual Friends","Dorm","Dorm","100-250","50-100","20-50","Very Satisfied",NA,1352,594,1043,604,218,1575
"198","Wigglesworth Hall","Male","Hispanic or Latino","No","No","FOP - First-Year Outdoor Program","No","Social Media","Dorm","Classes","Dorm","500-1000","250-500","20-50","Very Satisfied",NA,218,1043,1352,1331,567,1575
"199","Hollis Hall","Female","White","No","No","FYRE - First-Year Retreat and Experience","No","Dorm, Social Events, Mutual Friends, Academic/Pre-Professional Organization","Dorm, Social Events, Mutual Friends, Academic/Pre-Professional Organization","Dorm, Social Events, Mutual Friends","Classes, Social Events, Mutual Friends, Social Media, Academic/Pre-Professional Organization, QuestBridge organization","100-250","50-100","20-50","Satisfied",NA,1534,1651,1262,1387,888,1011
"200","Mower Hall","Male","Hispanic or Latino","No","No","None","Yes (Club)","Mutual Friends, Social Media","Classes","Visitas, Before coming","Social Events, Mutual Friends, Scholarship","250-500","50-100","50-100","Neutral",NA,1180,1469,227,1221,500,303
"201","Canaday Hall","Female","White","No","No","FAP - First-Year Arts Program","No","friends in high school","Pre-Orientation","Pre-Orientation","Pre-Orientation","50-100","50-100","0-20","Satisfied",NA,177,253,1258,1025,1083,855
"202","Straus Hall","Male","White, Asian / Pacific Islander","Yes","No","FOP - First-Year Outdoor Program","Yes (Varsity)","Dorm","Social Events","Athletics","Dorm","50-100","50-100","0-20","Satisfied",NA,1275,1617,1601,1004,197,1617
"203","Canaday Hall","Female","Asian / Pacific Islander","No","No","None","No","Classes, Social Media","Dorm","Dorm, Social Media","Dorm, Social Media","50-100","0-50","0-20","Dissatisfied","If you don't have time to be in one of the high-time commitment clubs, then it's really hard to make friends. I personally feel super lonely because of my niche interests and my desire to just debate with my peers over various topics.",486,825,975,1137,167,1575
"204","Pennypacker Hall","Female","White, Hispanic or Latino","No","No","FOP - First-Year Outdoor Program","No","Classes, Social Events","Classes, Social Events, Social Media, Academic/Pre-Professional Organization, Visitas","Social Events, Mutual Friends, Academic/Pre-Professional Organization","Social Events, Mutual Friends","50-100","0-50","20-50","Very Satisfied",NA,650,381,1573,1178,614,1336
"205","Apley Court","Male","White, Native American or American Indian","No","No","FOP - First-Year Outdoor Program","No","Dorm","Dorm","Pre-Orientation","Pre-Orientation","100-250","50-100","20-50","Very Dissatisfied","Bruh it sucks",182,757,731,814,570,1604
"206","Pennypacker Hall","Female","Asian / Pacific Islander","No","No","FUP - First-Year Urban Program","No","Live near me","Dorm","Classes","Live near me","250-500","100-250","0-20","Satisfied",NA,1569,1633,1203,791,524,1575
"207","Hollis Hall","Female","Asian / Pacific Islander","No","No","None","No","Dorm","Classes","Dorm","Classes","50-100","50-100","0-20","Dissatisfied",NA,95,44,3,1534,955,1575
"208","Hollis Hall","Female","Asian / Pacific Islander","No","No","FAP - First-Year Arts Program","No","Dorm","Classes","Classes","Pre-Orientation, Mutual Friends, Creative/Performing Arts Organization","100-250","50-100","20-50","Very Satisfied","It's difficult to say who's the most socially connected person because there are some circles that never overlap.",1577,1224,656,1464,1643,587
"209","Greenough Hall","Male","Hispanic or Latino","No","Yes","None","No","Mutual Friends","Social Media","Mutual Friends","Mutual Friends","100-250","50-100","0-20","Very Satisfied",NA,1252,1492,1246,1255,871,1575
"210","Canaday Hall","Female","White","No","No","FUP - First-Year Urban Program","No","Pre-Orientation, Mutual Friends","Pre-Orientation, Mutual Friends, Athletics, Creative/Performing Arts Organization","Pre-Orientation, Mutual Friends, Social Media, Visitas","Social Events, Mutual Friends","250-500","100-250","20-50","Satisfied",NA,457,1611,557,1603,788,1575
"211","Weld Hall","Male","Asian / Pacific Islander","No","No","None","No","Dorm","Dorm","Dorm","Dorm","0-50","0-50","0-20","Neutral",NA,844,998,738,1163,565,158
"212","Hurlbut Hall","Male","Asian / Pacific Islander","Yes","No","FOP - First-Year Outdoor Program","Yes (Club)","Athletics","Visitas","Visitas","Visitas","500-1000","250-500","250-500","Neutral","Wish I had more time for stronger connections",903,67,91,482,606,1011
"213","Thayer Hall","Female","White, Asian / Pacific Islander","No","No","None","Yes (Varsity)","Athletics","Social Media","Classes","Athletics","100-250","100-250","20-50","Very Satisfied",NA,23,631,864,230,605,106
"214","Mower Hall","Female","Asian / Pacific Islander","No","No","FAP - First-Year Arts Program","No","Mutual Friends","Mutual Friends","Dorm","Dorm","100-250","50-100","0-20","Very Satisfied",NA,385,89,1394,513,863,1011
"215","Mower Hall","Female","Asian / Pacific Islander","No","No","FCU - Fall Clean-Up with Dorm Crew","No","From the same town","Previous summer program","Mutual Friends","Pre-Orientation","50-100","50-100","250-500","Satisfied",NA,629,562,1325,1612,880,1575
"216","Holworthy Hall","Female","White","No","No","FOP - First-Year Outdoor Program","Yes (Varsity)","Athletics","Athletics","Berg","Dorm","500-1000","100-250","50-100","Satisfied",NA,1131,1408,331,1008,1299,1011
"217","Canaday Hall","Male","White","No","No","FOP - First-Year Outdoor Program","No","Pre-Orientation","Pre-Orientation","Dorm","Dorm","100-250","0-50","0-20","Very Satisfied",NA,187,1392,1426,381,1591,1426
"218","Holworthy Hall","Female","White, Native American or American Indian","No","No","FAP - First-Year Arts Program","No","Social Media","Pre-Orientation","Pre-Orientation","Pre-Orientation","100-250","250-500","0-20","Very Satisfied","Pre-Orientation is essential",257,973,708,1292,1251,1575
"219","Holworthy Hall","Female","Arabic or Middle Eastern","No","No","None","No","Religious Organization","Religious Organization","Religious Organization","Religious Organization","50-100","50-100","50-100","Satisfied",NA,782,1354,47,955,1027,103
"220","Apley Court","Female","White, Hispanic or Latino, Asian / Pacific Islander","No","No","None","Yes (Varsity)","Dorm","Athletics","Mutual Friends","Athletics","50-100","50-100","20-50","Satisfied","too elitist",848,651,203,525,1443,1512
"221","Canaday Hall","Female","White","No","No","FOP - First-Year Outdoor Program","No","Dorm","Dorm, Creative/Performing Arts Organization","Government/Politics Organization, Visitas","Creative/Performing Arts Organization","250-500","250-500","50-100","Satisfied",NA,1233,1442,1019,908,587,1172
"222","Wigglesworth Hall","Male","White, Hispanic or Latino","No","No","FOP - First-Year Outdoor Program","Yes (Club)","Dorm","High School","Mutual Friends, Creative/Performing Arts Organization","Classes","250-500","100-250","20-50","Satisfied","I feel like it's a little hard to make genuine social connections here because everyone is so busy and many people see connections in a very transactional way.",798,626,1630,1047,1493,322
"223","Grays Hall","Female","Asian / Pacific Islander","No","No","FUP - First-Year Urban Program","No","Dorm, Mutual Friends, Social Media","Mutual Friends, Academic/Pre-Professional Organization","Mutual Friends, Social Media","Dorm, Social Events, Mutual Friends","50-100","50-100","0-20","Satisfied",NA,1103,1570,284,802,473,1570
"224","Canaday Hall","Female","White","No","No","None","Yes (Varsity)","Athletics","Athletics","Dorm","Athletics","50-100","100-250","50-100","Satisfied",NA,1061,1528,548,1526,537,932
"225","Canaday Hall","Female","Black or African American","No","No","None","No","Classes","Dorm, Creative/Performing Arts Organization","Dorm","Classes, Mutual Friends","100-250","50-100","0-20","Satisfied",NA,40,530,1382,1409,1401,1575
"226","Matthews Hall","Female","White","No","No","FOP - First-Year Outdoor Program","No","Mutual Friends, Religious Organization, Visitas","Dorm","Dorm","Classes, Mutual Friends, Religious Organization","50-100","50-100","0-20","Neutral",NA,57,390,851,384,176,1399
"227","Weld Hall","Male","Asian / Pacific Islander","No","No","FUP - First-Year Urban Program","No","Classes, Pre-Orientation","Classes, Social Events, Mutual Friends, Social Media","Classes, Social Events, Mutual Friends","Mutual Friends","250-500","100-250","20-50","Satisfied",NA,1418,1066,1325,1517,446,1575
"228","Canaday Hall","Female","Asian / Pacific Islander","Yes","Yes","FIP - First-Year International Program","No","Dorm","Dorm","Dorm","Classes","0-50","50-100","0-20","Satisfied",NA,53,471,533,1536,505,1575
"229","Mower Hall","Female","White, Black or African American","No","No","FOP - First-Year Outdoor Program","Yes (Varsity)","Classes, Cultural/Racial Organization","High School","High School","Mutual Friends","100-250","100-250","20-50","Satisfied",NA,694,8,916,736,543,636
"230","Lionel Hall","Female","White","No","No","FOP - First-Year Outdoor Program","Yes (Club)","Athletics","Dorm, Pre-Orientation","Mutual Friends","Dorm","100-250","50-100","0-20","Satisfied",NA,1238,1442,1463,34,70,1575
"231","Thayer Hall","Male","White","No","No","None","Yes (Intermural)","Dorm","Classes, Mutual Friends","Creative/Performing Arts Organization","Creative/Performing Arts Organization","100-250","50-100","0-20","Satisfied","I find it difficult to connect with people that you aren't naturally in contact with (in your entryway, in your social group, a cappella group, section, etc.)",186,1047,330,958,1570,1570
"232","Grays Hall","Female","White","No","No","None","Yes (Varsity)","Athletics","Dorm","Dorm","Athletics","100-250","50-100","20-50","Satisfied","Relationships take time! As we progress through our first year those connections get more comfortable.",1193,21,1595,918,1265,21
"233","Canaday Hall","Male","Asian / Pacific Islander","No","No","FAP - First-Year Arts Program","No","Dorm","Classes, Dorm","Mutual Friends, Cultural/Racial Organization","Dorm, Cultural/Racial Organization","250-500","100-250","20-50","Very Satisfied","Harvard's extracurriculars seem to operate more like frats or sororities than clubs at ""normal"" colleges. The comp process, the fact that almost all clubs have social chairs, the big/little sib system, the fact that people often describe certain clubs as their families at Harvard - these phenomena make me think that the extremely driven nature of Harvard students has created a club model that are primarily social clubs with some amount of genuine extracurricular work, varying by club.",141,867,1412,91,1147,1368
"234","Matthews Hall","Male","White","Yes","Yes","FIP - First-Year International Program","Yes (Varsity)","Pre-Orientation","Dorm","Athletics","Pre-Orientation","100-250","50-100","100-250","Very Satisfied","artificially held exclusive",1144,775,397,470,941,438
"235","Thayer Hall","Female","Asian / Pacific Islander","No","No","None","Yes (Varsity)","Athletics","Same Area","Athletics","Athletics","50-100","50-100","20-50","Very Satisfied",NA,631,114,23,1215,605,631
"236","Thayer Hall","Female","Asian / Pacific Islander","No","No","None","No","Social Media","Visitas","Social Media","Classes","100-250","100-250","0-20","Dissatisfied","It can be hard to make friends if you’re not into partying and you don’t study in groups",256,30,792,1010,994,1011
"237","Thayer Hall","Female","White","No","No","None","No","Classes, Creative/Performing Arts Organization","Pre-Orientation","Pre-Orientation, Creative/Performing Arts Organization","Social Events, Creative/Performing Arts Organization","100-250","50-100","500-1000","Neutral",NA,350,1647,632,627,979,1575
"238","Thayer Hall","Female","White","Yes","Yes","FCU - Fall Clean-Up with Dorm Crew","No","Social Events","Social Events","Social Events","Religious Organization","100-250","50-100","20-50","Satisfied",NA,1475,1461,247,797,366,88
"239","Thayer Hall","Male","White, Hispanic or Latino","No","No","None","Yes (Intermural)","Classes","Dorm","Mutual Friends","Classes","0-50","0-50","0-20","Satisfied",NA,373,14,400,1142,293,320
"240","Thayer Hall","Male","Hispanic or Latino","No","No","FOP - First-Year Outdoor Program","Yes (Club)","Classes, Dorm","Club","Classes","Dorm","50-100","0-50","0-20","Dissatisfied","It’s very clique-y",1231,435,268,898,823,823
"241","Canaday Hall","Female","Asian / Pacific Islander","No","No","FUP - First-Year Urban Program","No","Classes, Mutual Friends, Visitas","Classes, Dorm, Social Events, Mutual Friends, Social Media","Classes, Dorm, Social Events, Mutual Friends, Academic/Pre-Professional Organization","Pre-Orientation","50-100","50-100","20-50","Satisfied",NA,1217,1620,1304,281,948,1575
"242","Massachusetts Hall","Male","White","No","No","None","Yes (Varsity)","High school","Dorm","Social Events, Mutual Friends, Athletics","Athletics","50-100","100-250","50-100","Neutral",NA,1410,870,808,1208,1490,403
"243","Holworthy Hall","Female","Hispanic or Latino","No","No","FUP - First-Year Urban Program","No","Annenberg","Pre-Orientation","Mutual Friends","Dorm","100-250","50-100","0-20","Dissatisfied",NA,361,997,1000,691,1301,1575
"244","Mower Hall","Male","White","No","No","None","Yes (Varsity)","Social Events, Mutual Friends, Social Media, Athletics","Social Events, Mutual Friends, Social Media, Athletics","Social Events, Mutual Friends, Social Media, Athletics","Classes, Social Events, Mutual Friends, Social Media, Athletics","100-250","50-100","50-100","Very Satisfied",NA,1386,1531,1497,978,1195,1508
"245","Mower Hall","Male","White","No","No","None","Yes (Varsity)","Social Events, Mutual Friends, Social Media, Athletics","Social Events, Mutual Friends, Social Media, Athletics","Social Events, Mutual Friends, Social Media, Athletics","Classes, Social Events, Mutual Friends, Social Media, Athletics","100-250","50-100","50-100","Very Satisfied",NA,1386,1531,1497,978,1195,1509
"246","Straus Hall","Male","Asian / Pacific Islander","Yes","No","None","No","Visitas","Dorm","Classes","Mutual Friends","250-500","100-250","0-20","Very Satisfied","It's not perfect, but it has many of the same flaws that other college campuses have. In general, there seems to be a stigma against reaching out.",279,1152,1631,836,685,369
"247","Straus Hall","Male","Asian / Pacific Islander","Yes","No","None","No","Visitas","Dorm","Classes","Mutual Friends","250-500","100-250","0-20","Very Satisfied","It's not perfect, but it has many of the same flaws that other college campuses have. In general, there seems to be a stigma against reaching out.",279,1152,1632,836,685,369
"248","Canaday Hall","Male","White","Yes","No","FOP - First-Year Outdoor Program","Yes (Club)","At the gym","Mutual Friends, Religious Organization","Mutual Friends","Dorm","250-500","50-100","20-50","Very Satisfied",NA,1314,1552,777,83,705,688
"249","Wigglesworth Hall","Male","White","No","No","FOP - First-Year Outdoor Program","No","Dorm","Dorm","Pre-Orientation","Dorm","100-250","50-100","20-50","Very Satisfied","Absolutely love it",984,66,331,797,1263,1575
"250","Apley Court","Male","Arabic or Middle Eastern","No","No","FYRE - First-Year Retreat and Experience","No","Visitas","Visitas","Religious Organization","High school","250-500","100-250","20-50","Very Satisfied",NA,1097,1282,1027,1286,965,1011
"251","Canaday Hall","Female","White","No","No","FUP - First-Year Urban Program","No","Pre-Orientation","Pre-Orientation, Mutual Friends","Classes","Pre-Orientation, Public Service Organization","250-500","100-250","20-50","Very Satisfied",NA,557,1138,457,915,788,1575
"252","Canaday Hall","Female","Hispanic or Latino","No","No","FYRE - First-Year Retreat and Experience","No","Dorm","Dorm","Pre-Orientation, Mutual Friends","Dorm","0-50","0-50","20-50","Neutral",NA,1477,8,543,1451,783,783
"253","Grays Hall","Male","White, Hispanic or Latino","No","No","None","Yes (Varsity)","Athletics","Classes","Mutual Friends","Athletics","250-500","100-250","100-250","Very Satisfied",NA,1042,1096,703,985,870,610
"254","Grays Hall","Female","Black or African American","No","No","FUP - First-Year Urban Program","Yes (Intermural)","My sister","Classes","Pre-Orientation","Mutual Friends","250-500","100-250","20-50","Neutral",NA,662,663,1115,413,1469,1115
"255","Thayer Hall","Male","White, Hispanic or Latino","No","Yes","FIP - First-Year International Program","No","Pre-Orientation","Social Media","Mutual Friends","Pre-Orientation","250-500","0-50","0-20","Very Satisfied","I LOVE HARVARD AND MY FRIENDS!!!!!",1246,1492,1252,1255,871,1575
"256","Canaday Hall","Male","White","No","No","None","Yes (Varsity)","Athletics","Athletics","Athletics","Athletics","50-100","50-100","0-20","Dissatisfied","It is inclusive",1441,10,1358,515,441,1550
"257","Thayer Hall","Male","White","No","No","None","Yes (Varsity)","Classes, Social Events, Mutual Friends, Athletics","Dorm","Social Events, Mutual Friends, Athletics","Social Events, Mutual Friends, Athletics","250-500","100-250","20-50","Very Satisfied","It is extremely prominent for athletes. However, from what I've seen, it is a completely different story for non-athletes and it seems much more difficult to meet people and make friends",199,1550,340,1276,1551,1398
"258","Holworthy Hall","Female","White","No","No","None","Yes (Varsity)","Athletics","Dorm","Athletics","Mutual Friends","50-100","50-100","20-50","Very Satisfied",NA,677,1020,123,404,1309,1020
"259","Holworthy Hall","Female","White, Asian / Pacific Islander","No","No","FOP - First-Year Outdoor Program","No","Dorm","Pre-Orientation","Classes, Visitas, Admitted students reception","Classes, Mutual Friends","100-250","50-100","50-100","Very Satisfied",NA,818,1580,881,215,885,1575
"260","Wigglesworth Hall","Female","Asian / Pacific Islander","No","Yes","FCU - Fall Clean-Up with Dorm Crew","No","Dorm, Pre-Orientation","Cultural/Racial Organization","Classes","Mutual Friends","100-250","50-100","0-20","Very Satisfied",NA,1002,1511,167,1248,285,1570
"261","Grays Hall","Male","White","No","No","FCU - Fall Clean-Up with Dorm Crew","No","Pre-Orientation","Mutual Friends","Dorm","Classes","500-1000","100-250","50-100","Satisfied",NA,744,1588,137,1484,510,695
"262","Weld Hall","Female","Asian / Pacific Islander","No","No","FOP - First-Year Outdoor Program","Yes (Varsity)","Dorm","Dorm","Pre-Orientation","Athletics","250-500","250-500","500-1000","Satisfied","I feel bad for frosh boys",1408,737,1596,1463,1131,1011
"263","Grays Hall","Male","White","Yes","Yes","FIP - First-Year International Program","No","Classes","Dorm","Pre-Orientation","Visitas","100-250","100-250","0-20","Satisfied",NA,178,50,780,491,91,1575
"264","Greenough Hall","Male","Asian / Pacific Islander","No","No","None","No","Dorm","Classes","Classes","Classes","100-250","50-100","0-20","Dissatisfied",NA,1619,953,735,5,1127,99
"265","Hollis Hall","Female","Asian / Pacific Islander","No","No","FOP - First-Year Outdoor Program","No","childhood friends, went to school together","Pre-Orientation","Visitas","Mutual Friends","100-250","100-250","50-100","Satisfied",NA,1517,875,1624,1422,1325,1570
"266","Grays Hall","Female","White","No","No","FOP - First-Year Outdoor Program","No","Mutual Friends","Pre-Orientation","Mutual Friends","Social Events","100-250","50-100","0-20","Satisfied",NA,547,736,541,112,137,736
"267","Canaday Hall","Male","Asian / Pacific Islander","No","No","FAP - First-Year Arts Program","No","Creative/Performing Arts Organization","Pre-Orientation","Pre-Orientation","High school","250-500","100-250","50-100","Satisfied",NA,1025,1258,1083,177,888,1575
"268","Thayer Hall","Male","Hispanic or Latino","No","No","FOP - First-Year Outdoor Program","No","Annenberg","Dorm","Dorm","Dorm","100-250","50-100","20-50","Dissatisfied",NA,1289,148,1153,1504,340,1575
"269","Canaday Hall","Female","White","No","No","None","No","Classes","Mutual Friends","Mutual Friends","Social Events, Cultural/Racial Organization","250-500","100-250","100-250","Very Satisfied",NA,1278,466,551,524,1244,1570
"270","Grays Hall","Male","Asian / Pacific Islander","No","No","FOP - First-Year Outdoor Program","No","Mutual Friends, Visitas","Classes, Mutual Friends, Visitas","Classes","Pre-Orientation","100-250","100-250","50-100","Very Satisfied",NA,1529,72,888,867,791,1418
"271","Canaday Hall","Female","White, Hispanic or Latino","No","Yes","None","No","Dorm","Mutual Friends","Mutual Friends","Mutual Friends","250-500","50-100","20-50","Dissatisfied",NA,205,1267,412,585,608,1300
"272","Weld Hall","Female","Asian / Pacific Islander","No","No","FYRE - First-Year Retreat and Experience","No","Dorm","Knew from high school","Family (cousin)","Friend from high school","0-50","0-50","0-20","Dissatisfied","Is kind of clique-y during freshman year",1189,1598,1425,1087,1432,1172
"273","Weld Hall","Male","Black or African American","No","No","FAP - First-Year Arts Program","No","Social Events, Mutual Friends, Social Media, Cultural/Racial Organization","Social Events, Mutual Friends, Social Media, Cultural/Racial Organization","Dorm, Social Events, Mutual Friends, Social Media, Cultural/Racial Organization","Social Events, Mutual Friends, Social Media, Creative/Performing Arts Organization, Cultural/Racial Organization","100-250","50-100","20-50","Very Satisfied",NA,587,1197,1223,37,1116,1011
"274","Straus Hall","Male","Asian / Pacific Islander","No","No","None","Yes (Club)","Classes, Dorm, Social Events, Mutual Friends, Academic/Pre-Professional Organization","Classes, Dorm, Social Events, Mutual Friends","Cultural/Racial Organization","Social Events","250-500","50-100","20-50","Satisfied",NA,835,509,1631,836,1087,1570
"275","Straus Hall","Male","Asian / Pacific Islander","No","No","None","Yes (Club)","Classes, Dorm, Social Events, Mutual Friends, Academic/Pre-Professional Organization","Classes, Dorm, Social Events, Mutual Friends","Cultural/Racial Organization","Social Events","250-500","50-100","20-50","Satisfied",NA,835,509,1632,836,1087,1570
"276","Weld Hall","Female","Hispanic or Latino, Black or African American","No","No","FCU - Fall Clean-Up with Dorm Crew","No","Classes, Pre-Orientation, Mutual Friends","Classes, Mutual Friends","Classes, Pre-Orientation","Suitemate","100-250","50-100","20-50","Dissatisfied",NA,1297,734,430,702,1564,1348
"277","Pennypacker Hall","Male","White","No","Yes","FOP - First-Year Outdoor Program","Yes (Varsity)","Athletics","Athletics","Athletics","Athletics","100-250","50-100","500-1000","Satisfied",NA,1191,1386,978,1195,1378,42
"278","Weld Hall","Male","White, Arabic or Middle Eastern","No","No","None","Yes (Club)","Dorm","Dorm","Dorm","Dorm","0-50","0-50","0-20","Very Satisfied",NA,82,54,493,748,1545,360
"279","Canaday Hall","Male","Hispanic or Latino","No","No","None","No","Classes, Scholarship Conference","Mutual Friends","Classes, Scholarship Conference","Dorm","100-250","50-100","50-100","Satisfied","It’s dope",59,754,120,1181,1412,1575
"280","Canaday Hall","Male","Hispanic or Latino","No","No","None","No","Classes, Scholarship Conference","Mutual Friends","Classes, Scholarship Conference","Dorm","100-250","50-100","50-100","Satisfied","It’s dope",59,755,120,1181,1412,1575
"281","Weld Hall","Male","White","No","No","FOP - First-Year Outdoor Program","Yes (Club)","Mutual Friends","Mutual Friends","Mutual Friends","Pre-Orientation","100-250","100-250","50-100","Satisfied",NA,1531,1508,1383,1386,1629,1011
"282","Weld Hall","Male","White","No","No","FOP - First-Year Outdoor Program","Yes (Club)","Mutual Friends","Mutual Friends","Mutual Friends","Pre-Orientation","100-250","100-250","50-100","Satisfied",NA,1531,1509,1383,1386,1629,1011
"283","Stoughton Hall","Male","Asian / Pacific Islander","Yes","No","FOP - First-Year Outdoor Program","Yes (Intermural)","Pre-Orientation","Beijing","Social Media","Mutual Friends","100-250","50-100","20-50","Neutral",NA,1336,742,1516,1174,1574,1570
"284","Hurlbut Hall","Male","Asian / Pacific Islander","No","No","FOP - First-Year Outdoor Program","No","Social Events","Classes","Before College","Mutual Friends","500-1000","100-250","0-20","Very Dissatisfied",NA,1368,1041,993,758,900,903
"285","Pennypacker Hall","Male","White","No","No","FCU - Fall Clean-Up with Dorm Crew","No","Dorm","Dorm","Dorm","Mutual Friends","0-50","50-100","50-100","Satisfied",NA,1559,792,464,379,1461,1575
"286","Canaday Hall","Female","White","No","Yes","FOP - First-Year Outdoor Program","No","Mutual Friends","Cultural/Racial Organization","Classes","Academic/Pre-Professional Organization","250-500","50-100","0-20","Very Satisfied",NA,167,1312,1002,1395,66,1575
"287","Canaday Hall","Male","Asian / Pacific Islander","No","Yes","FIP - First-Year International Program","No","Mutual Friends, Social Media, Visitas","Pre-Orientation, Mutual Friends, Social Media, Academic/Pre-Professional Organization, Visitas","Academic/Pre-Professional Organization","Classes","250-500","100-250","250-500","Satisfied",NA,1522,778,221,847,1511,1570
"288","Thayer Hall","Male","Asian / Pacific Islander","Yes","Yes","FIP - First-Year International Program","No","Dorm, Pre-Orientation","Pre-Orientation, Social Events, Mutual Friends","Pre-Orientation, Social Events, Mutual Friends","Pre-Orientation, Social Events, Mutual Friends","100-250","0-50","20-50","Neutral",NA,1340,296,1583,726,133,1575
"289","Canaday Hall","Male","Asian / Pacific Islander","No","Yes","FOP - First-Year Outdoor Program","Yes (Club)","Dorm","Dorm","Dorm, Creative/Performing Arts Organization","Classes, Dorm, Mutual Friends","500-1000","250-500","20-50","Satisfied",NA,1019,787,1152,1233,1603,99
"290","Massachusetts Hall","Female","Asian / Pacific Islander","No","No","FCU - Fall Clean-Up with Dorm Crew","No","High School Friend","Dorm","High School Friend","Classes, Mutual Friends","50-100","0-50","0-20","Neutral",NA,1089,1382,689,289,493,1575
"291","Holworthy Hall","Female","White, Native American or American Indian","No","No","None","Yes (Intermural)","Dorm","Dorm","Dorm","Mutual Friends","250-500","100-250","20-50","Very Satisfied",NA,1100,1549,1392,596,462,854
"292","Canaday Hall","Female","Asian / Pacific Islander","No","No","FOP - First-Year Outdoor Program","Yes (Intermural)","Dorm","Creative/Performing Arts Organization, Visitas","Classes","Social Events","50-100","0-50","0-20","Neutral",NA,1190,898,1367,1575,1066,1575
"293","Canaday Hall","Female","Hispanic or Latino","No","No","FOP - First-Year Outdoor Program","No","Classes, Dorm, Pre-Orientation, Social Events, Mutual Friends, Social Media, Cultural/Racial Organization","Pre-Orientation, Social Events, Mutual Friends, Social Media, Cultural/Racial Organization","Dorm","Dorm","50-100","50-100","20-50","Satisfied",NA,913,1177,999,891,209,999
"294","Greenough Hall","Female","White","No","No","None","Yes (Varsity)","Athletics","Dorm","Athletics","Athletics","100-250","100-250","20-50","Satisfied",NA,1012,1383,1383,1162,1188,1588
"295","Hurlbut Hall","Male","White","No","No","FOP - First-Year Outdoor Program","No","Social Events","Mutual Friends","Social Events","Dorm","250-500","50-100","100-250","Satisfied","It’s pretty fun",1599,761,817,1095,1283,1512
"296","Greenough Hall","Female","Black or African American","No","Yes","None","Yes (Varsity)","Athletics","Cultural/Racial Organization","Athletics","Dorm","100-250","50-100","20-50","Satisfied","Parties suck! I do not like the social dynamic of weekends - hanging out with people is hard as there are not good (non-elitist) social spaces",21,1193,45,590,540,236
"297","Thayer Hall","Female","Asian / Pacific Islander","No","No","FOP - First-Year Outdoor Program","Yes (Varsity)","Mutual Friends","Pre-Orientation","Mutual Friends","Athletics","50-100","0-50","20-50","Satisfied",NA,1629,1383,1531,620,155,1011
"298","Thayer Hall","Female","White","No","No","FYRE - First-Year Retreat and Experience","No","Pre-Orientation","Dorm","Mutual Friends","Dorm","250-500","100-250","50-100","Satisfied",NA,189,185,1195,211,1013,303
"299","Thayer Hall","Female","Hispanic or Latino","No","No","None","Yes (Varsity)","Athletics","Dorm","Dorm","Athletics","100-250","100-250","20-50","Neutral",NA,1287,204,478,834,672,1575
"300","Weld Hall","Female","White","Yes","No","None","No","Creative/Performing Arts Organization","Dorm","Creative/Performing Arts Organization","Mutual Friends","0-50","0-50","500-1000","Very Satisfied","I’m mostly friends with a mix of ages because of clubs I’m in",300,1053,1249,837,184,587
"301","Mower Hall","Male","White, Asian / Pacific Islander","No","No","FAP - First-Year Arts Program","No","Dorm","Dorm","Social Media","Mutual Friends","50-100","0-50","20-50","Satisfied",NA,298,198,550,838,1313,624
"302","Canaday Hall","Male","Hispanic or Latino","No","No","None","Yes (Club)","Dorm","Dorm","Dorm","Dorm","50-100","0-50","20-50","Neutral",NA,450,442,721,96,705,808
"303","Matthews Hall","Male","White","Yes","No","None","Yes (Varsity)","Religious Organization","Athletics","Annenburg","Classes","50-100","50-100","500-1000","Satisfied",NA,1399,553,544,1179,41,1399
"304","Pennypacker Hall","Male","White, Black or African American","No","No","FYRE - First-Year Retreat and Experience, FCU - Fall Clean-Up with Dorm Crew","Yes (Varsity)","Visitas","Cultural/Racial Organization, Visitas, Initial contact was through Groupme","Visitas","Athletics","250-500","100-250","20-50","Satisfied","I feel like with a lack of cultural space for certain identities (Asian, black, latinx) these students tend to isolate themselves in an effort to make their own spaces, and I also feel like my white peers are not as open and outgoing when it comes to sharing spaces and making friends.",1348,1259,164,1213,128,846
"305","Canaday Hall","Male","Black or African American","No","No","FCU - Fall Clean-Up with Dorm Crew","No","Classes, Mutual Friends, Social Media, Visitas","Pre-Orientation","Visitas","Pre-Orientation","1000+","250-500","100-250","Satisfied","Very welcoming, especially during the beginning of the year.",1078,1028,1036,786,1027,1469
"306","Matthews Hall","Male","Hispanic or Latino","No","No","FYRE - First-Year Retreat and Experience","No","Pre-Orientation","Creative/Performing Arts Organization","Creative/Performing Arts Organization","Creative/Performing Arts Organization","0-50","0-50","0-20","Satisfied",NA,1049,465,463,212,604,1575
"307","Matthews Hall","Male","Arabic or Middle Eastern","Yes","Yes","FIP - First-Year International Program","No","Cultural/Racial Organization","Social Events, Mutual Friends, Athletics","Classes","Classes, Mutual Friends","250-500","100-250","100-250","Very Satisfied",NA,103,1097,1182,315,394,413
"308","Thayer Hall","Female","Asian / Pacific Islander","No","No","None","No","Social Events","Roommate","Classes","Social Events","100-250","50-100","20-50","Satisfied","Everyone has been pretty great and super interesting to meet so far.",637,22,664,253,667,253
"309","Wigglesworth Hall","Female","Black or African American","No","No","FUP - First-Year Urban Program","No","Dorm, Mutual Friends, Academic/Pre-Professional Organization, Religious Organization, Public Service Organization, Government/Politics Organization","Pre-Orientation, Mutual Friends, Academic/Pre-Professional Organization","Classes, Mutual Friends","Classes, Cultural/Racial Organization","100-250","50-100","0-20","Satisfied","wish I could meet more people",1138,1229,557,519,1203,1575
"310","Wigglesworth Hall","Female","Asian / Pacific Islander","No","No","None","No","Social Media","Dorm","Dorm","Classes","100-250","100-250","0-20","Neutral",NA,282,846,248,809,1248,1575
"311","Holworthy Hall","Female","Hispanic or Latino","No","No","FOP - First-Year Outdoor Program","No","Mutual Friends","Religious Organization","Classes, Pre-Orientation, Mutual Friends","Creative/Performing Arts Organization","250-500","50-100","500-1000","Satisfied",NA,553,1363,1399,854,1604,1399
"312","Thayer Hall","Female","Asian / Pacific Islander","No","Yes","FOP - First-Year Outdoor Program","No","Pre-Orientation","Social Events, Mutual Friends, Social Media, Academic/Pre-Professional Organization, Before Harvard","Social Events, Mutual Friends, Social Media","Classes, Pre-Orientation, Social Events, Mutual Friends, Government/Politics Organization, Visitas","100-250","100-250","50-100","Satisfied",NA,1623,1190,142,723,167,1575
"313","Canaday Hall","Female","White","No","No","FYRE - First-Year Retreat and Experience, FCU - Fall Clean-Up with Dorm Crew","No","Pre-Orientation","Pre-Orientation","Dorm, Pre-Orientation","Dorm","100-250","100-250","20-50","Neutral","Certain environments/clubs definitely feel more welcoming than others, and I feel like it's a lot harder to get to know upperclassmen than other first years.",543,1425,1031,783,8,1425
"314","Wigglesworth Hall","Male","White, Hispanic or Latino","No","No","FOP - First-Year Outdoor Program","Yes (Club)","Dorm, Religious Organization","Dorm, Religious Organization","Social Events, Crimson Jam","Classes, Athletics","50-100","50-100","100-250","Satisfied",NA,1182,766,630,103,418,99
"315","Hollis Hall","Male","White","Yes","No","FOP - First-Year Outdoor Program","No","Dorm","Classes, Mutual Friends, Religious Organization, Government/Politics Organization","Mutual Friends","walking","100-250","100-250","250-500","Neutral","more deep connection. more big questions. most of all: more public spaces of vulnerability.",1134,1124,136,1365,858,1011
"316","Lionel Hall","Female","White","No","No","FUP - First-Year Urban Program","No","Dorm","Dorm","Classes, Dorm","I knew her before coming here","100-250","100-250","50-100","Satisfied",NA,1428,1070,786,1463,447,786
"317","Matthews Hall","Female","Asian / Pacific Islander","No","No","None","No","Classes, Dorm","Social Events, Cultural/Racial Organization","Dorm","Pre-Orientation","100-250","0-50","20-50","Satisfied",NA,1076,810,1104,1227,44,99
"318","Thayer Hall","Female","White","No","No","None","Yes (Varsity)","Dorm","Athletics","Social Events, Mutual Friends, Athletics","Athletics","100-250","50-100","100-250","Dissatisfied","Finals Clubs should be available to freshman so that we can make friends outside of our previous interest groups",1497,435,45,1061,1236,1140
"319","Straus Hall","Male","White","No","No","None","Yes (Varsity)","Social Events, Mutual Friends, Social Media, Athletics, From the same hometown","Classes, Social Events, Mutual Friends, Social Media, Athletics","Classes, Social Events, Mutual Friends, Social Media, Athletics","Classes, Social Events, Mutual Friends, Social Media, Athletics","250-500","100-250","50-100","Satisfied",NA,1533,865,416,1020,1316,459
"320","Wigglesworth Hall","Female","White","No","Yes","FIP - First-Year International Program","No","Dorm","Dorm","Mutual Friends","Pre-Orientation","50-100","50-100","20-50","Neutral",NA,660,116,63,255,86,86
"321","Hollis Hall","Female","White","No","No","FOP - First-Year Outdoor Program","No","High School","Dorm","Mutual Friends","Mutual Friends","250-500","100-250","0-20","Dissatisfied",NA,1394,513,1165,385,89,1134
"322","Lionel Hall","Female","Black or African American","No","No","None","No","We met before Harvard","Dorm","Visitas","Dorm","100-250","50-100","50-100","Very Satisfied",NA,786,1107,1070,1449,1428,1430
"323","Weld Hall","Female","Asian / Pacific Islander","Yes","No","FOP - First-Year Outdoor Program","No","Classes","Dorm","Dorm","Social Events, Mutual Friends","100-250","50-100","0-20","Dissatisfied",NA,899,242,1408,737,498,1011
"324","Grays Hall","Male","Asian / Pacific Islander","No","No","FCU - Fall Clean-Up with Dorm Crew","No","Pre-Orientation","Dorm","Dorm","Dorm","100-250","50-100","100-250","Neutral","It’s not that exciting save for rare occasions",272,1024,1222,1529,1385,1078
"325","Stoughton Hall","Female","White, Indian","No","No","None","No","Dorm","Dorm, Mutual Friends","Classes, Mutual Friends, Orientation","Annenberg","100-250","250-500","50-100","Satisfied",NA,375,709,420,965,890,420
"326","Straus Hall","Male","Black or African American","No","No","None","No","Dorm","Dorm","the Berg","Dorm","0-50","0-50","0-20","Satisfied",NA,52,56,509,71,835,1136
"327","Straus Hall","Female","White","No","No","FOP - First-Year Outdoor Program","Yes (Varsity)","Mutual Friends, Athletics","Friends from home","Athletics","Athletics","100-250","50-100","50-100","Satisfied",NA,1113,1099,1237,647,402,1333
"328","Hurlbut Hall","Male","White, Black or African American","No","No","FOP - First-Year Outdoor Program","Yes (Club)","Brain Break","Visitas","Social Events, Mutual Friends","Social Events","500-1000","500-1000","20-50","Dissatisfied","Too self segregating and sometimes annoying",1011,771,905,867,1467,1011
"329","Apley Court","Male","White","No","No","None","Yes (Varsity)","Dorm","Classes, Athletics, Visitas","Dorm, Mutual Friends","Dorm, Mutual Friends","100-250","250-500","20-50","Neutral","Lots of social climbing",76,731,1160,757,182,1512
"330","Matthews Hall","Male","White, Black or African American","No","No","FOP - First-Year Outdoor Program","No","Classes","Classes","Classes, Mutual Friends","Classes, Social Events, Creative/Performing Arts Organization","100-250","50-100","0-20","Satisfied",NA,1277,671,711,1507,344,218
"331","Matthews Hall","Female","Black or African American","No","No","FYRE - First-Year Retreat and Experience","No","Classes","Classes","Social Events, Mutual Friends","Dorm","50-100","0-50","0-20","Satisfied",NA,1546,176,214,1504,962,1259
"332","Wigglesworth Hall","Female","Asian / Pacific Islander","No","Yes","FOP - First-Year Outdoor Program","No","Pre-Orientation","Mutual Friends","Classes","Classes","100-250","50-100","20-50","Satisfied","y'all need to chill",1507,1510,757,1277,671,1011
"333","Matthews Hall","Male","White","No","No","FOP - First-Year Outdoor Program","Yes (Club)","Athletics","Mutual Friends","Mutual Friends","Mutual Friends","50-100","0-50","0-20","Dissatisfied",NA,959,614,425,659,1481,614
"334","Wigglesworth Hall","Male","Asian / Pacific Islander","No","No","FOP - First-Year Outdoor Program","No","Summer camp prior to entering Harvard","Mutual Friends","Classes","Classes","100-250","50-100","20-50","Satisfied",NA,1404,1622,1285,759,778,1575
"335","Weld Hall","Female","White","No","No","None","Yes (Varsity)","Dorm, Social Events, Athletics","Social Events, Mutual Friends, Athletics","Classes, Social Events, Mutual Friends, Social Media, Athletics","Social Events, Mutual Friends, Social Media, Athletics","500-1000","250-500","100-250","Very Satisfied",NA,1236,203,45,1508,743,1140
"336","Weld Hall","Female","White","No","No","None","Yes (Varsity)","Dorm, Social Events, Athletics","Social Events, Mutual Friends, Athletics","Classes, Social Events, Mutual Friends, Social Media, Athletics","Social Events, Mutual Friends, Social Media, Athletics","500-1000","250-500","100-250","Very Satisfied",NA,1236,203,45,1509,743,1140
"337","Weld Hall","Male","White","No","No","FYRE - First-Year Retreat and Experience, FCU - Fall Clean-Up with Dorm Crew","No","Social Media","Government/Politics Organization","Social Events","Activist organization","0-50","0-50","0-20","Neutral",NA,357,609,823,1431,298,1575
"338","Canaday Hall","Female","White","No","No","FCU - Fall Clean-Up with Dorm Crew","No","Classes","Harvard Day of Service","Classes","Classes","0-50","0-50","0-20","Dissatisfied",NA,1133,1018,729,1231,906,1575
"339","Canaday Hall","Male","White","No","No","None","Yes (Club)","Dorm","Social Club","Dorm","Mutual Friends","250-500","100-250","50-100","Very Satisfied",NA,636,347,996,468,1132,1081
"340","Canaday Hall","Male","Hispanic or Latino","No","No","FOP - First-Year Outdoor Program","No","Dorm","Dorm","Mutual Friends","Visitas","100-250","50-100","0-20","Satisfied",NA,682,921,1518,1388,1606,624
"341","Canaday Hall","Male","White","No","No","FCU - Fall Clean-Up with Dorm Crew","Yes (Varsity)","Athletics","Athletics","Athletics","Dorm, Athletics, Visitas","100-250","50-100","0-20","Very Satisfied",NA,452,680,313,1063,1141,1078
"342","Canaday Hall","Female","Asian / Pacific Islander","No","No","None","No","Dorm","Dorm","Dorm","Classes","50-100","50-100","0-20","Satisfied",NA,1054,117,314,1443,330,846
"343","Canaday Hall","Male","White","No","No","FCU - Fall Clean-Up with Dorm Crew","Yes (Varsity)","Athletics","Classes, Social Events, Mutual Friends, Academic/Pre-Professional Organization","Athletics","Athletics","100-250","100-250","20-50","Satisfied",NA,1141,380,1247,1380,1063,1078
"344","Canaday Hall","Female","Black or African American","No","No","None","No","Visitas","Classes, Mutual Friends","Classes","Classes","100-250","50-100","0-20","Very Satisfied",NA,1034,413,315,767,662,1011
"345","Weld Hall","Female","Hispanic or Latino","No","No","FUP - First-Year Urban Program","No","High School","Dorm","Mutual Friends","Creative/Performing Arts Organization","250-500","100-250","50-100","Satisfied",NA,1172,1505,790,100,1116,1575
"346","Hollis Hall","Female","Black or African American","No","No","None","No","Mutual Friends","Mutual Friends","Social Events","Mutual Friends","0-50","0-50","0-20","Very Satisfied","It seems to be very racially segregated. Not by Harvard's doing, obviously, but most people spend a majority, if not all, of their time with people of similar ethnic backgrounds as themselves.",29,661,69,931,196,704
"347","Greenough Hall","Female","White, Black or African American","No","No","FUP - First-Year Urban Program","No","Dorm, Mutual Friends","We live in the same area so we met after we both got in and became friends before coming.","Dorm, Mutual Friends","Visitas","250-500","100-250","50-100","Satisfied","It is incredibly racially segregated and as a biracial woman (half black, half white) who identifies much more as black, I've definitely had to choose whether I wanted to hang out with my black friends or everyone else – it feels like there's no bridging that divide (and from my experiences during this aborted first year, it doesn't seem like anyone is particularly interested in trying).  I understand why this is, it's just a stark observation that I've made and that has contributed to me often feeling out of place.",954,130,532,1537,185,1512
"348","Straus Hall","Female","Black or African American","No","No","FCU - Fall Clean-Up with Dorm Crew","No","High School","Middle School","Mutual Friends, High School","Mutual Friends","250-500","100-250","50-100","Satisfied",NA,1121,223,431,1489,1107,196
"349","Thayer Hall","Female","White","No","No","None","Yes (Varsity)","Athletics","Athletics","Athletics","Mutual Friends","0-50","0-50","0-20","Very Satisfied",NA,79,657,410,371,739,100
"350","Grays Hall","Female","Asian / Pacific Islander","No","No","FOP - First-Year Outdoor Program","No","Dorm","Dorm","Creative/Performing Arts Organization, home","Dorm","50-100","50-100","20-50","Satisfied",NA,395,129,1051,418,914,1011
"351","Grays Hall","Male","White, Native American or American Indian","No","No","FOP - First-Year Outdoor Program","No","Dorm","Classes, Dorm","Mutual Friends","Mutual Friends","500-1000","500-1000","500-1000","Very Satisfied",NA,85,1570,1640,875,335,1570
"352","Canaday Hall","Male","Asian / Pacific Islander","No","No","None","No","Classes, Social Events, Mutual Friends, Cultural/Racial Organization","Social Events, Mutual Friends, Cultural/Racial Organization","Social Events, Mutual Friends","Dorm","250-500","250-500","500-1000","Very Satisfied",NA,993,1368,1286,133,1626,1575
"353","Pennypacker Hall","Male","White","No","No","FUP - First-Year Urban Program","Yes (Intermural)","Social Events, Mutual Friends","Pre-Orientation","Government/Politics Organization","Mutual Friends","50-100","0-50","0-20","Very Satisfied",NA,1312,138,1395,167,580,1512
"354","Lionel Hall","Male","White","No","No","FOP - First-Year Outdoor Program","Yes (Club)","Social Events, Mutual Friends","Social Events, Mutual Friends","Social Events, Mutual Friends","Social Events, Athletics","250-500","100-250","50-100","Satisfied",NA,137,744,1593,1588,777,1588
"355","Matthews Hall","Male","White","No","No","None","No","High School","Dorm","Classes","Mutual Friends","0-50","0-50","0-20","Neutral","People have been pretty friendly",479,711,1277,570,1068,1068
"356","Hollis Hall","Male","White","No","No","FOP - First-Year Outdoor Program","Yes (Intermural)","Dorm, Visitas","Dorm","Dorm, Religious Organization","Dorm","50-100","50-100","0-20","Dissatisfied",NA,1387,1534,963,1262,1651,1134
"357","Pennypacker Hall","Female","Asian / Pacific Islander","No","No","FOP - First-Year Outdoor Program","Yes (Club)","Religious Organization","Religious Organization","Classes","Classes, We came from the same town","250-500","100-250","50-100","Satisfied",NA,1520,443,728,260,618,903
"358","Greenough Hall","Male","White, Asian / Pacific Islander","No","No","FOP - First-Year Outdoor Program","Yes (Club)","Dorm","Dorm","Dorm","Dorm","50-100","0-50","0-20","Neutral",NA,563,540,130,1537,453,540
"359","Apley Court","Female","Black or African American","No","No","FCU - Fall Clean-Up with Dorm Crew","No","Government/Politics Organization","Dorm","Dorm","Mutual Friends","0-50","0-50","0-20","Neutral",NA,1050,93,71,710,41,1363
"360","Straus Hall","Male","White","No","No","FAP - First-Year Arts Program","No","Pre-Orientation","Pre-Orientation","Pre-Orientation","Creative/Performing Arts Organization","50-100","0-50","20-50","Satisfied",NA,1251,708,1292,257,226,303
"361","Hollis Hall","Male","White","No","Yes","FIP - First-Year International Program","No","Social Events, Mutual Friends, Academic/Pre-Professional Organization","Classes, Social Events, Academic/Pre-Professional Organization","Dorm","Classes, Social Events, Mutual Friends, Academic/Pre-Professional Organization","50-100","0-50","0-20","Neutral",NA,237,142,1506,58,1623,1575
"362","Thayer Hall","Male","White, Asian / Pacific Islander","No","No","FOP - First-Year Outdoor Program","No","Academic/Pre-Professional Organization","Dorm","Classes, Dorm, Creative/Performing Arts Organization","Knew before harvard","250-500","100-250","20-50","Satisfied",NA,569,142,665,421,151,1575
"363","Canaday Hall","Female","White","No","No","None","No","Dorm","Classes, Dorm","Classes, Academic/Pre-Professional Organization","Classes","0-50","0-50","0-20","Satisfied",NA,476,891,1506,283,1296,1011
"364","Weld Hall","Male","White, Asian / Pacific Islander","Yes","No","None","No","Dorm","Dorm","Dorm","Dorm","100-250","100-250","100-250","Neutral",NA,326,519,527,1390,797,1170
